date,channel,spend,impressions,clicks,conversions,revenue
2024-01-01,Paid Search,517.63,39903,2170,74,3922.74
2024-01-01,Paid Social,553.15,136491,3728,100,6307.61
2024-01-01,Email,63.13,9305,910,61,3981.65
2024-01-01,Affiliate,392.98,28160,1009,29,2735.79
2024-01-01,Display,254.24,45382,504,2,74.28
2024-01-02,Paid Search,498.15,57509,3331,141,9284.44
2024-01-02,Paid Social,478.84,73950,1122,20,1530.44
2024-01-02,Email,69.7,9057,726,60,2656.06
2024-01-02,Affiliate,337.29,26344,795,26,1907.96
2024-01-02,Display,511.89,104148,1084,10,872.8
2024-01-03,Paid Search,724.54,72586,2648,99,5383.84
2024-01-03,Paid Social,663.95,54585,1129,33,2323.18
2024-01-03,Email,49.73,4790,610,34,2088.24
2024-01-03,Affiliate,305.03,38009,833,28,1341.21
2024-01-03,Display,338.53,48332,664,7,300.28
2024-01-04,Paid Search,647.6,48150,2773,114,4984.95
2024-01-04,Paid Social,900.25,67794,1578,27,2377.17
2024-01-04,Email,55.23,5695,605,40,1974.77
2024-01-04,Affiliate,390.06,30563,897,25,1358.24
2024-01-04,Display,402.07,94559,824,4,169.49
2024-01-05,Paid Search,306.84,29008,1325,53,4630.53
2024-01-05,Paid Social,575.22,58086,1466,29,1918.23
2024-01-05,Email,55.13,4211,381,33,1165.25
2024-01-05,Affiliate,347.43,28701,652,17,1426.56
2024-01-05,Display,418.02,40644,525,5,392.75
2024-01-06,Paid Search,278.54,46537,2051,68,3791.93
2024-01-06,Paid Social,552.65,56778,1141,21,1934.57
2024-01-06,Email,49.99,3621,420,29,2574.98
2024-01-06,Affiliate,193.19,19700,562,18,1074.58
2024-01-06,Display,244.94,52257,485,4,368.23
2024-01-07,Paid Search,360.96,29929,1553,68,4948.86
2024-01-07,Paid Social,619.89,84605,1774,32,1217.35
2024-01-07,Email,53.23,4046,561,30,2136.8
2024-01-07,Affiliate,307.55,30919,1026,25,2317.03
2024-01-07,Display,321.16,31237,354,2,77.42
2024-01-08,Paid Search,461.68,39662,2196,97,4053.85
2024-01-08,Paid Social,620.02,51580,1452,33,2967.96
2024-01-08,Email,64.75,15047,1225,73,3643.74
2024-01-08,Affiliate,391.96,40530,842,24,1079.06
2024-01-08,Display,480.3,114064,924,13,874.95
2024-01-09,Paid Search,612.86,57925,2911,98,6807.44
2024-01-09,Paid Social,758.16,63092,1854,51,1940.17
2024-01-09,Email,38.08,5303,466,34,2816.81
2024-01-09,Affiliate,231.58,18338,659,14,1134.16
2024-01-09,Display,405.6,67907,729,8,572.48
2024-01-10,Paid Search,347.4,32736,1662,77,6407.23
2024-01-10,Paid Social,599.19,53401,1495,42,1877.01
2024-01-10,Email,61.59,5861,556,40,3667.53
2024-01-10,Affiliate,338.83,51905,1512,45,1847.97
2024-01-10,Display,395.86,74169,862,11,633.72
2024-01-11,Paid Search,289.76,30840,1245,43,2356.02
2024-01-11,Paid Social,616.84,128100,3367,79,4185.55
2024-01-11,Email,70.5,6061,540,29,1242.39
2024-01-11,Affiliate,400.57,30662,778,19,1614.39
2024-01-11,Display,347.42,59170,553,7,402.66
2024-01-12,Paid Search,380.4,76568,4072,185,15641.01
2024-01-12,Paid Social,742.26,96305,1537,35,2815.67
2024-01-12,Email,45.12,6771,795,63,5594.1
2024-01-12,Affiliate,344.62,58982,2122,62,4852.02
2024-01-12,Display,528.81,39487,530,6,352.21
2024-01-13,Paid Search,375.52,64251,3468,156,12211.32
2024-01-13,Paid Social,533.35,68537,1459,22,1884.5
2024-01-13,Email,44.05,5593,661,52,3010.16
2024-01-13,Affiliate,281.94,21367,592,13,1048.09
2024-01-13,Display,190.79,34816,422,5,451.17
2024-01-14,Paid Search,401.55,28932,1097,36,2501.9
2024-01-14,Paid Social,498.38,43322,773,22,1056.7
2024-01-14,Email,37.94,8112,917,47,2529.95
2024-01-14,Affiliate,186.87,16688,485,10,947.22
2024-01-14,Display,294.52,22374,167,1,48.63
2024-01-15,Paid Search,377.44,41782,1590,53,4591.31
2024-01-15,Paid Social,571.96,97987,2454,46,3064.35
2024-01-15,Email,60.91,6648,824,58,3406.7
2024-01-15,Affiliate,379.74,29820,703,15,626.87
2024-01-15,Display,433.73,32329,236,3,142.41
2024-01-16,Paid Search,501.98,55938,3237,99,5338.18
2024-01-16,Paid Social,1001.57,214744,3983,87,7643.07
2024-01-16,Email,55.47,4513,601,47,4041.14
2024-01-16,Affiliate,418.32,36834,958,21,1688.22
2024-01-16,Display,371.2,28132,308,2,182.4
2024-01-17,Paid Search,497.71,54425,2029,100,6952.26
2024-01-17,Paid Social,714.2,104732,2830,72,5300.7
2024-01-17,Email,43.55,5224,569,44,3744.55
2024-01-17,Affiliate,437.99,40946,990,27,2191.06
2024-01-17,Display,311.82,27647,142,2,126.24
2024-01-18,Paid Search,534.46,47700,2293,102,4088.72
2024-01-18,Paid Social,837.97,87460,2534,39,2424.6
2024-01-18,Email,56.93,5987,510,37,1788.28
2024-01-18,Affiliate,256.02,20022,479,12,960.21
2024-01-18,Display,350.18,36727,480,4,288.89
2024-01-19,Paid Search,436.79,40514,2068,78,5342.95
2024-01-19,Paid Social,668.61,58430,1209,26,2088.51
2024-01-19,Email,58.1,7871,1085,70,5997.86
2024-01-19,Affiliate,389.95,46023,1576,32,1868.41
2024-01-19,Display,491.51,50177,530,6,453.96
2024-01-20,Paid Search,387.32,47197,1868,66,3469.97
2024-01-20,Paid Social,521.55,37278,756,16,916.76
2024-01-20,Email,54.89,4072,579,37,1887.52
2024-01-20,Affiliate,242.38,27117,914,19,1652.88
2024-01-20,Display,209.15,23381,163,1,84.68
2024-01-21,Paid Search,290.79,33283,1803,70,4018.1
2024-01-21,Paid Social,530.56,88228,1742,44,3574.16
2024-01-21,Email,27.95,2467,338,22,852.44
2024-01-21,Affiliate,198.23,30678,1008,25,1830.75
2024-01-21,Display,274.75,31344,321,3,141.57
2024-01-22,Paid Search,710.71,103129,4398,154,6013.48
2024-01-22,Paid Social,587.54,50138,1285,23,993.97
2024-01-22,Email,60.38,5167,589,51,3793.53
2024-01-22,Affiliate,307.14,26302,920,23,1159.67
2024-01-22,Display,294.4,33106,212,1,73.39
2024-01-23,Paid Search,533.13,99087,3898,139,12885.66
2024-01-23,Paid Social,,111827,1954,43,1543.89
2024-01-23,Email,59.15,8832,1196,68,4897.89
2024-01-23,Affiliate,376.77,46082,1674,37,3345.86
2024-01-23,Display,381.61,35720,196,2,142.04
2024-01-24,Paid Search,573.17,93375,5493,262,10967.69
2024-01-24,Paid Social,820.07,189636,5208,149,14063.89
2024-01-24,Email,42.59,3995,509,37,3409.38
2024-01-24,Affiliate,465.61,63285,1914,38,2981.01
2024-01-24,Display,346.6,42213,570,7,386.41
2024-01-25,Paid Search,437.56,82213,3256,117,7236.56
2024-01-25,Paid Social,744.79,109783,3126,78,6724.35
2024-01-25,Email,64.18,15914,2149,128,5574.25
2024-01-25,Affiliate,303.61,27948,677,16,1461.65
2024-01-25,Display,433.17,39293,247,3,126.17
2024-01-26,Paid Search,504.61,115944,5652,265,10616.94
2024-01-26,Paid Social,733.13,62946,1518,29,2109.29
2024-01-26,Email,67.92,5380,540,43,3145.04
2024-01-26,Affiliate,437.68,56238,1940,59,3436.71
2024-01-26,Display,386.55,28361,344,2,157.7
2024-01-27,Paid Search,384.25,44203,2497,97,5071.2
2024-01-27,Paid Social,527.35,110550,2022,38,1724.37
2024-01-27,Email,32.71,3777,358,28,2529.85
2024-01-27,Affiliate,252.48,25969,782,16,679.88
2024-01-27,Display,291.97,33400,435,2,141.38
2024-01-28,Paid Search,521.18,41132,1445,58,3314.14
2024-01-28,Paid Social,468.05,98908,1876,51,3221.84
2024-01-28,Email,26.83,1960,200,10,585.32
2024-01-28,Affiliate,250.2,51920,1628,55,3837.04
2024-01-28,Display,259.74,35894,384,4,281.43
2024-01-29,Paid Search,481.03,50609,2022,84,5414.32
2024-01-29,Paid Social,637.82,62582,1705,29,1963.21
2024-01-29,Email,81.16,10106,999,64,4320.12
2024-01-29,Affiliate,391.32,40797,903,29,2622.52
2024-01-29,Display,457.59,70449,474,6,537.7
2024-01-30,Paid Search,562.41,76787,3057,120,10835.45
2024-01-30,Paid Social,587.69,102872,2294,52,4145.96
2024-01-30,Email,71.49,13211,1383,123,9845.33
2024-01-30,Affiliate,220.63,18261,478,15,536.45
2024-01-30,Display,241.32,42916,410,4,261.89
2024-01-31,Paid Search,485.04,89968,3788,117,5615.14
2024-01-31,Paid Social,685.91,79314,1613,38,1970.4
2024-01-31,Email,49.72,6800,903,54,3200.74
2024-01-31,Affiliate,351.35,43554,1643,55,2949.75
2024-01-31,Display,586.08,89736,573,5,355.74
2024-02-01,Paid Search,402.22,73680,3890,153,6564.09
2024-02-01,Paid Social,904.45,82540,1397,39,1606.24
2024-02-01,Email,35.05,4791,697,35,3153.24
2024-02-01,Affiliate,441.27,94479,2963,79,5438.29
2024-02-01,Display,445.94,41343,618,4,335.09
2024-02-02,Paid Search,450.34,38057,2180,108,5503.95
2024-02-02,Paid Social,478.4,35627,1039,21,1919.66
2024-02-02,Email,50.08,6463,859,59,3651.62
2024-02-02,Affiliate,337.31,40503,923,19,1524.55
2024-02-02,Display,502.01,46834,609,4,196.11
2024-02-03,Paid Search,348.15,49457,2671,100,5439.13
2024-02-03,Paid Social,490.02,83540,1386,35,2813.54
2024-02-03,Email,34.25,3306,272,17,1184.52
2024-02-03,Affiliate,238.15,31829,1024,29,1283.29
2024-02-03,Display,232.97,48532,713,5,251.06
2024-02-04,Paid Search,289.54,20807,877,36,3399.77
2024-02-04,Paid Social,440.35,99547,2271,54,4165.76
2024-02-04,Email,46.39,6372,511,26,1768.09
2024-02-04,Affiliate,212.21,35222,939,19,700.18
2024-02-04,Display,344.92,41297,291,3,106.7
2024-02-05,Paid Search,774.84,56941,3270,139,5642.31
2024-02-05,Paid Social,857.04,200275,3662,56,2383.91
2024-02-05,Email,58.76,11741,1067,91,5016.57
2024-02-05,Affiliate,404.89,83217,2989,90,6104.52
2024-02-05,Display,546.36,109189,830,8,737.07
2024-02-06,Paid Search,472.24,45375,2176,65,5748.79
2024-02-06,Paid Social,532.46,100638,2555,69,5671.32
2024-02-06,Email,65.14,11289,931,78,7305.62
2024-02-06,Affiliate,504.58,39854,1117,27,1763.35
2024-02-06,Display,410.72,48737,340,4,260.62
2024-02-07,Paid Search,663.28,51153,2195,78,7125.13
2024-02-07,Paid Social,694.94,139962,2195,65,4533.74
2024-02-07,Email,65.54,7192,829,55,5064.23
2024-02-07,Affiliate,296.25,56431,1299,33,2806.37
2024-02-07,Display,290.84,25741,276,1,84.07
2024-02-08,Paid Search,507.47,46197,1841,72,6732.58
2024-02-08,Paid Social,,138103,2959,73,2803.38
2024-02-08,Email,57.13,13657,1608,104,6783.03
2024-02-08,Affiliate,305.98,28953,679,22,2037.31
2024-02-08,Display,499.25,57690,784,6,499.12
2024-02-09,Paid Search,484.57,43266,1875,78,7063.06
2024-02-09,Paid Social,781.68,64748,1497,30,1680.5
2024-02-09,Email,65.01,9874,1220,65,4885.69
2024-02-09,Affiliate,273.65,19818,748,24,1096.25
2024-02-09,Display,329.14,54608,747,10,723.14
2024-02-10,Paid Search,348.83,58097,2787,99,4212.73
2024-02-10,Paid Social,471.04,39215,1130,19,680.12
2024-02-10,Email,38.71,7243,675,49,2956.54
2024-02-10,Affiliate,262.2,43294,1441,35,2063.21
2024-02-10,Display,393.17,30141,224,2,107.12
2024-02-11,Paid Search,332.48,41870,1994,94,7084.37
2024-02-11,Paid Social,306.39,57072,1704,26,1379.36
2024-02-11,Email,34.28,8257,753,44,1768.07
2024-02-11,Affiliate,188.83,19026,501,10,836.57
2024-02-11,Display,316.48,32894,209,2,145.54
2024-02-12,Paid Search,576.37,45603,2040,82,3431.59
2024-02-12,Paid Social,770.5,66055,1715,32,3024.38
2024-02-12,Email,34.7,4212,459,37,1685.01
2024-02-12,Affiliate,326.65,29195,885,29,1830.43
2024-02-12,Display,313.22,45747,649,5,383.58
2024-02-13,Paid Search,446.06,33402,1960,59,5585.65
2024-02-13,Paid Social,476.14,100481,2256,35,2377.68
2024-02-13,Email,63.03,8208,831,61,5144.84
2024-02-13,Affiliate,424.89,58295,1830,36,2063.87
2024-02-13,Display,520.89,100396,1375,15,789.5
2024-02-14,Paid Search,534.69,77572,4450,140,5899.54
2024-02-14,Paid Social,689.98,81252,1398,31,1637.36
2024-02-14,Email,50.13,4383,613,32,2257.32
2024-02-14,Affiliate,504.33,58657,2075,44,3846.06
2024-02-14,Display,307.02,23831,306,4,153.75
2024-02-15,Paid Search,460.5,77138,3212,117,8246.03
2024-02-15,Paid Social,683.16,51309,779,13,737.36
2024-02-15,Email,63.3,6664,771,61,4532.52
2024-02-15,Affiliate,,81577,2385,79,5600.19
2024-02-15,Display,363.12,43225,382,4,280.91
2024-02-16,Paid Search,436.6,59152,2673,112,9876.54
2024-02-16,Paid Social,836.16,96013,2613,58,5383.06
2024-02-16,Email,61.16,11597,1601,99,8498.53
2024-02-16,Affiliate,434.46,47797,1039,33,1285.53
2024-02-16,Display,317.27,24845,199,1,88.14
2024-02-17,Paid Search,528.55,100701,4779,166,9872.04
2024-02-17,Paid Social,464.23,35292,953,16,1018.24
2024-02-17,Email,26.87,1934,166,11,988.48
2024-02-17,Affiliate,222.11,33565,1044,25,2265.62
2024-02-17,Display,178.17,29366,171,2,105.18
2024-02-18,Paid Search,375.78,29048,1696,59,2067.32
2024-02-18,Paid Social,472.12,34649,916,14,1080.16
2024-02-18,Email,41.82,3057,397,33,2821.57
2024-02-18,Affiliate,296.34,59381,2051,45,2612.34
2024-02-18,Display,326.2,33987,347,5,260.21
2024-02-19,Paid Search,337.25,46374,1769,85,3922.63
2024-02-19,Paid Social,678.91,52625,1261,31,2448.64
2024-02-19,Email,53.72,10922,1255,65,4241.85
2024-02-19,Affiliate,241.68,22856,739,15,737.99
2024-02-19,Display,420.75,80414,830,4,365.41
2024-02-20,Paid Search,447.53,55249,2688,119,10858.41
2024-02-20,Paid Social,857.32,114712,1850,47,4387.48
2024-02-20,Email,55.99,4766,440,30,1990.75
2024-02-20,Affiliate,281.12,20231,682,17,1324.32
2024-02-20,Display,488.03,60019,519,5,259.35
2024-02-21,Paid Search,415.64,75781,3486,125,10652.06
2024-02-21,Paid Social,969.87,130380,3166,90,5089.47
2024-02-21,Email,49.39,5855,734,64,2772.31
2024-02-21,Affiliate,398.18,37362,1341,39,3401.54
2024-02-21,Display,345.46,31177,238,2,151.78
2024-02-22,Paid Search,610.03,132281,7245,334,25029.92
2024-02-22,Paid Social,760.33,71853,1168,29,2017.59
2024-02-22,Email,,8848,847,66,4147.96
2024-02-22,Affiliate,454.82,59517,1294,36,2605.16
2024-02-22,Display,483.25,37526,209,2,101.36
2024-02-23,Paid Search,462.57,59343,2554,101,6750.02
2024-02-23,Paid Social,564.84,54422,1370,28,2117.93
2024-02-23,Email,39.22,3892,436,31,1117.62
2024-02-23,Affiliate,166.6,26871,744,15,1116.21
2024-02-23,Display,423.24,56088,339,3,127.87
2024-02-24,Paid Search,344.18,65876,2901,115,4838.32
2024-02-24,Paid Social,601.32,89046,2288,68,3860.38
2024-02-24,Email,38.31,7090,855,57,2980.59
2024-02-24,Affiliate,203.45,17746,402,9,757.53
2024-02-24,Display,209.11,20671,283,4,317.73
2024-02-25,Paid Search,373.12,60061,2658,112,10145.42
2024-02-25,Paid Social,567.61,71378,1094,27,1663.58
2024-02-25,Email,30.75,4852,612,47,2954.39
2024-02-25,Affiliate,192.7,24000,837,19,767.65
2024-02-25,Display,312.02,49174,639,8,733.73
2024-02-26,Paid Search,296.12,28270,1121,52,4091.65
2024-02-26,Paid Social,1050.64,95735,2627,51,3842.7
2024-02-26,Email,59.22,8026,825,46,2966.64
2024-02-26,Affiliate,540.19,65755,2435,73,5534.49
2024-02-26,Display,530.48,85863,865,5,292.84
2024-02-27,Paid Search,289.51,59580,3213,152,9961.59
2024-02-27,Paid Social,674.96,80252,1629,36,1680.65
2024-02-27,Email,48.53,6880,1026,65,3167.59
2024-02-27,Affiliate,253.86,47135,1853,60,4429.41
2024-02-27,Display,330.27,55298,335,2,111.9
2024-02-28,Paid Search,567.5,42871,2075,103,8060.09
2024-02-28,Paid Social,643.86,67521,1174,18,1649.29
2024-02-28,Email,50.84,8622,751,57,3572.13
2024-02-28,Affiliate,335.02,30041,755,23,1479.28
2024-02-28,Display,337.03,39317,462,6,497.23
2024-02-29,Paid Search,481.34,53792,2197,70,3269.74
2024-02-29,Paid Social,306.32,22528,589,16,1230.87
2024-02-29,Email,55.03,6956,771,47,2833.47
2024-02-29,Affiliate,360.37,75754,1934,52,3929.82
2024-02-29,Display,423.38,37633,227,1,53.54
2024-03-01,Paid Search,572.42,49535,2963,129,4770.78
2024-03-01,Paid Social,622.74,51764,1494,35,1957.53
2024-03-01,Email,60.75,5878,825,52,2414.98
2024-03-01,Affiliate,342.6,63743,2360,69,6516.24
2024-03-01,Display,329.51,43016,557,6,234.0
2024-03-02,Paid Search,331.27,31925,1666,65,3008.85
2024-03-02,Paid Social,651.73,75214,1937,44,1753.03
2024-03-02,Email,61.64,13313,1242,72,4312.2
2024-03-02,Affiliate,276.73,36289,1318,26,1071.3
2024-03-02,Display,241.29,25835,242,1,67.54
2024-03-03,Paid Search,255.53,20306,1129,41,1495.27
2024-03-03,Paid Social,471.23,67447,1676,46,3813.48
2024-03-03,Email,63.91,7187,998,68,3456.38
2024-03-03,Affiliate,307.54,41819,1478,47,2043.09
2024-03-03,Display,255.96,32662,314,4,366.01
2024-03-04,Paid Search,610.33,54023,2805,99,5678.57
2024-03-04,Paid Social,689.15,55894,1069,17,916.9
2024-03-04,Email,44.97,4000,321,19,1686.97
2024-03-04,Affiliate,282.41,27444,855,19,1662.61
2024-03-04,Display,406.54,44530,294,2,115.52
2024-03-05,Paid Search,711.9,154406,6972,271,14152.92
2024-03-05,Paid Social,670.54,91556,1890,45,2917.79
2024-03-05,Email,66.95,5600,649,44,3423.22
2024-03-05,Affiliate,346.46,27737,1004,30,2348.03
2024-03-05,Display,436.26,39686,299,2,84.42
2024-03-06,Paid Search,499.15,118880,6113,274,22340.03
2024-03-06,Paid Social,684.37,65736,1812,28,1304.86
2024-03-06,Email,54.85,6363,585,41,2281.12
2024-03-06,Affiliate,317.76,34119,1150,27,2090.45
2024-03-06,Display,333.98,29767,169,2,139.22
2024-03-07,Paid Search,549.5,65876,3158,127,6334.44
2024-03-07,Paid Social,708.47,92782,2478,53,1977.85
2024-03-07,Email,46.98,7811,631,56,2946.9
2024-03-07,Affiliate,330.24,43555,917,30,2734.18
2024-03-07,Display,335.14,40970,357,2,149.4
2024-03-08,Paid Search,459.21,39597,2054,62,3024.1
2024-03-08,Paid Social,719.5,65240,1356,29,2477.85
2024-03-08,Email,56.04,8381,840,75,3648.91
2024-03-08,Affiliate,318.29,38983,1286,28,2390.69
2024-03-08,Display,300.18,27183,179,2,94.16
2024-03-09,Paid Search,318.68,25726,1064,33,2315.56
2024-03-09,Paid Social,626.24,71218,1902,41,2657.7
2024-03-09,Email,26.15,3059,331,18,948.94
2024-03-09,Affiliate,244.77,37762,1346,29,1372.43
2024-03-09,Display,256.88,36051,266,2,130.24
2024-03-10,Paid Search,402.48,29330,1651,63,3912.19
2024-03-10,Paid Social,523.18,81883,2397,38,1797.28
2024-03-10,Email,42.72,4316,429,37,2203.99
2024-03-10,Affiliate,299.02,60897,2302,49,2873.5
2024-03-10,Display,284.87,21179,297,3,146.99
2024-03-11,Paid Search,584.74,68646,2511,123,4365.42
2024-03-11,Paid Social,779.46,129201,1964,44,1740.77
2024-03-11,Email,49.88,4586,485,40,3312.46
2024-03-11,Affiliate,400.72,32129,1239,36,2019.85
2024-03-11,Display,345.66,25740,218,1,87.07
2024-03-12,Paid Search,444.63,70352,3459,125,11268.91
2024-03-12,Paid Social,849.6,142488,2229,44,4152.14
2024-03-12,Email,68.78,8016,1186,59,3109.52
2024-03-12,Affiliate,400.05,80699,3112,101,4401.89
2024-03-12,Display,513.24,53713,641,5,290.25
2024-03-13,Paid Search,403.39,58301,2296,110,9707.0
2024-03-13,Paid Social,848.76,77638,1735,33,1847.22
2024-03-13,Email,62.74,8462,1019,89,4704.15
2024-03-13,Affiliate,271.48,52809,1830,58,4944.3
2024-03-13,Display,289.96,26100,385,2,132.59
2024-03-14,Paid Search,279.68,57840,2659,118,9641.4
2024-03-14,Paid Social,679.7,50640,947,18,1529.0
2024-03-14,Email,59.8,5261,543,37,3147.82
2024-03-14,Affiliate,422.43,35047,1249,33,2930.18
2024-03-14,Display,411.34,35770,407,3,200.72
2024-03-15,Paid Search,433.03,46223,1745,86,7997.68
2024-03-15,Paid Social,610.93,45446,1044,17,1431.98
2024-03-15,Email,64.03,5752,793,56,2126.88
2024-03-15,Affiliate,366.2,33472,1278,30,2463.31
2024-03-15,Display,292.47,38735,352,2,70.69
2024-03-16,Paid Search,436.46,59663,2249,101,6122.33
2024-03-16,Paid Social,577.97,84423,1722,45,2843.51
2024-03-16,Email,46.77,5685,676,58,2960.56
2024-03-16,Affiliate,250.84,23071,501,17,1103.73
2024-03-16,Display,192.41,16581,218,2,179.94
2024-03-17,Paid Search,506.32,54584,2924,141,10361.64
2024-03-17,Paid Social,686.9,87144,2054,47,4197.17
2024-03-17,Email,45.37,3989,577,30,2435.31
2024-03-17,Affiliate,190.96,16578,429,11,929.23
2024-03-17,Display,310.25,44891,443,5,256.01
2024-03-18,Paid Search,622.73,96615,4113,168,12471.36
2024-03-18,Paid Social,681.37,53254,998,26,1900.59
2024-03-18,Email,55.73,4738,676,46,4138.45
2024-03-18,Affiliate,341.39,60296,2127,52,3646.34
2024-03-18,Display,509.49,93349,1170,14,611.97
2024-03-19,Paid Search,508.51,42355,2448,116,7552.96
2024-03-19,Paid Social,979.71,115907,2045,45,2198.4
2024-03-19,Email,53.7,6878,581,39,2993.96
2024-03-19,Affiliate,321.12,23349,880,25,2221.43
2024-03-19,Display,347.4,28977,227,2,187.58
2024-03-20,Paid Search,317.67,35032,1915,69,5855.52
2024-03-20,Paid Social,669.79,104940,1853,34,3118.88
2024-03-20,Email,61.76,8838,1062,82,6677.02
2024-03-20,Affiliate,334.37,53915,1997,43,1672.76
2024-03-20,Display,527.06,59048,851,10,688.38
2024-03-21,Paid Search,465.94,42613,2158,79,3204.54
2024-03-21,Paid Social,816.42,69029,1692,45,1695.13
2024-03-21,Email,53.62,6855,992,73,4952.23
2024-03-21,Affiliate,268.88,26220,878,19,1354.08
2024-03-21,Display,512.97,107860,682,6,304.5
2024-03-22,Paid Search,533.13,102054,3607,180,9680.1
2024-03-22,Paid Social,705.5,115647,2096,44,3625.07
2024-03-22,Email,55.6,4493,670,48,2716.83
2024-03-22,Affiliate,249.8,42851,1134,37,1302.23
2024-03-22,Display,460.28,43120,223,1,79.1
2024-03-23,Paid Search,439.28,61566,3480,119,7213.13
2024-03-23,Paid Social,644.46,61629,1004,17,1376.68
2024-03-23,Email,40.01,3767,494,36,1687.16
2024-03-23,Affiliate,184.86,35830,909,24,1004.8
2024-03-23,Display,325.28,30912,383,3,175.17
2024-03-24,Paid Search,305.75,33175,1642,79,2957.35
2024-03-24,Paid Social,426.8,30690,619,16,1351.85
2024-03-24,Email,44.23,6420,793,67,2775.33
2024-03-24,Affiliate,194.33,45980,1696,53,2001.39
2024-03-24,Display,361.27,33096,207,2,152.72
2024-03-25,Paid Search,394.4,43633,2591,110,7163.16
2024-03-25,Paid Social,599.23,114977,3191,83,7063.77
2024-03-25,Email,75.41,7726,905,71,3891.7
2024-03-25,Affiliate,464.35,53387,1774,41,1496.68
2024-03-25,Display,563.5,97281,1320,16,1279.97
2024-03-26,Paid Search,600.88,119513,5573,263,17239.46
2024-03-26,Paid Social,670.76,86639,1494,36,2307.55
2024-03-26,Email,75.74,11501,1480,92,6399.34
2024-03-26,Affiliate,350.35,30375,835,22,1994.4
2024-03-26,Display,500.2,44018,369,4,232.58
2024-03-27,Paid Search,438.28,33820,1740,81,5479.05
2024-03-27,Paid Social,826.91,157575,4700,126,5486.86
2024-03-27,Email,39.46,4047,539,30,2779.15
2024-03-27,Affiliate,392.72,28152,986,26,1475.81
2024-03-27,Display,602.87,123564,1395,17,1520.69
2024-03-28,Paid Search,584.21,43675,1852,90,8111.71
2024-03-28,Paid Social,728.24,57760,1476,37,3160.72
2024-03-28,Email,52.18,5754,608,51,4542.36
2024-03-28,Affiliate,387.09,33023,842,19,889.82
2024-03-28,Display,471.49,69359,514,3,163.45
2024-03-29,Paid Search,490.48,116338,5475,230,8734.75
2024-03-29,Paid Social,595.15,45554,1362,37,1671.73
2024-03-29,Email,54.65,6422,590,40,3614.91
2024-03-29,Affiliate,345.42,43638,928,31,2919.49
2024-03-29,Display,415.37,66429,693,8,511.46
2024-03-30,Paid Search,258.14,39849,1690,52,2615.83
2024-03-30,Paid Social,420.29,102986,2668,71,4209.06
2024-03-30,Email,33.55,5403,684,53,4190.93
2024-03-30,Affiliate,172.39,12579,469,13,987.24
2024-03-30,Display,294.06,21885,250,3,156.95
2024-03-31,Paid Search,499.0,98725,4764,153,7097.25
2024-03-31,Paid Social,494.35,106062,2199,39,3354.64
2024-03-31,Email,23.74,3223,451,34,2624.79
2024-03-31,Affiliate,172.4,40716,1355,42,3355.4
2024-03-31,Display,247.12,52331,305,3,215.12
2024-04-01,Paid Search,501.1,122431,5917,188,15021.75
2024-04-01,Paid Social,523.06,43317,711,15,614.79
2024-04-01,Email,61.32,6387,615,54,4099.66
2024-04-01,Affiliate,445.25,35468,978,33,1743.29
2024-04-01,Display,527.61,114082,1408,11,664.78
2024-04-02,Paid Search,528.13,118459,4808,154,12224.33
2024-04-02,Paid Social,890.43,99119,1975,36,3279.98
2024-04-02,Email,56.61,5389,696,57,2895.21
2024-04-02,Affiliate,322.9,37232,871,17,1533.08
2024-04-02,Display,402.08,49373,314,3,200.94
2024-04-03,Paid Search,475.9,34428,2023,98,8290.7
2024-04-03,Paid Social,635.75,90763,2248,38,2736.33
2024-04-03,Email,66.5,16079,2091,133,10219.06
2024-04-03,Affiliate,305.4,24722,798,26,1937.84
2024-04-03,Display,337.87,26053,141,1,58.33
2024-04-04,Paid Search,521.21,90347,5135,156,7162.2
2024-04-04,Paid Social,702.81,112754,2128,62,5007.07
2024-04-04,Email,53.02,9888,977,87,7174.43
2024-04-04,Affiliate,281.25,25410,699,21,1107.26
2024-04-04,Display,408.31,97286,774,10,884.74
2024-04-05,Paid Search,447.76,39007,1555,57,5070.38
2024-04-05,Paid Social,892.17,105825,2819,81,7680.43
2024-04-05,Email,62.02,5883,631,43,2696.75
2024-04-05,Affiliate,373.08,89027,3145,95,8116.4
2024-04-05,Display,376.11,59040,647,9,569.76
2024-04-06,Paid Search,423.24,42549,2507,118,10494.61
2024-04-06,Paid Social,422.89,63852,1791,48,4131.97
2024-04-06,Email,41.71,6078,588,49,4418.1
2024-04-06,Affiliate,173.35,13601,375,10,689.89
2024-04-06,Display,212.88,31894,244,1,65.93
2024-04-07,Paid Search,397.44,33670,1325,51,3748.98
2024-04-07,Paid Social,469.26,57991,1359,31,2745.09
2024-04-07,Email,36.86,7076,978,70,5298.29
2024-04-07,Affiliate,260.17,29836,1014,32,2667.16
2024-04-07,Display,213.8,17344,185,2,172.19
2024-04-08,Paid Search,549.1,41610,2373,109,6299.82
2024-04-08,Paid Social,626.92,109387,2886,81,3616.7
2024-04-08,Email,48.65,3694,419,25,920.28
2024-04-08,Affiliate,371.04,50290,1522,34,2428.28
2024-04-08,Display,382.05,31663,369,4,200.28
2024-04-09,Paid Search,459.55,35903,2096,89,8037.2
2024-04-09,Paid Social,961.75,95617,2035,41,2639.58
2024-04-09,Email,76.63,9258,1069,54,3165.26
2024-04-09,Affiliate,365.85,35376,1281,37,2768.96
2024-04-09,Display,239.4,36481,319,4,367.05
2024-04-10,Paid Search,607.22,147894,8731,412,29439.72
2024-04-10,Paid Social,833.07,83787,2393,44,2712.51
2024-04-10,Email,50.69,8233,1070,64,4966.48
2024-04-10,Affiliate,272.84,33105,1317,38,3055.01
2024-04-10,Display,433.33,84500,1023,14,1017.71
2024-04-11,Paid Search,456.82,99486,5699,270,19637.66
2024-04-11,Paid Social,787.7,71288,1330,33,2529.63
2024-04-11,Email,62.79,9512,762,44,3741.17
2024-04-11,Affiliate,410.24,86488,2156,59,4140.41
2024-04-11,Display,400.36,31907,468,6,372.09
2024-04-12,Paid Search,496.98,36656,1492,63,3204.68
2024-04-12,Paid Social,473.52,78817,1679,30,2599.02
2024-04-12,Email,31.66,3071,313,17,1469.48
2024-04-12,Affiliate,374.45,33007,1318,37,1691.4
2024-04-12,Display,591.59,86075,871,8,550.49
2024-04-13,Paid Search,317.34,26222,1189,55,4764.72
2024-04-13,Paid Social,446.44,46925,1336,29,1199.36
2024-04-13,Email,36.0,3404,362,24,1419.18
2024-04-13,Affiliate,263.65,53421,1120,33,1796.74
2024-04-13,Display,339.58,25432,286,3,242.22
2024-04-14,Paid Search,304.77,65287,2912,142,8926.97
2024-04-14,Paid Social,549.27,93914,1493,42,2506.36
2024-04-14,Email,,3067,292,25,1469.83
2024-04-14,Affiliate,313.45,49463,1502,40,3526.64
2024-04-14,Display,301.31,67866,443,4,327.52
2024-04-15,Paid Search,393.55,38820,1982,60,2986.6
2024-04-15,Paid Social,828.14,113321,3308,74,3578.15
2024-04-15,Email,56.97,9225,945,63,3895.31
2024-04-15,Affiliate,371.99,42554,879,21,1947.14
2024-04-15,Display,437.46,38574,376,4,219.8
2024-04-16,Paid Search,360.7,39344,2271,83,3332.6
2024-04-16,Paid Social,645.63,50377,992,16,1132.57
2024-04-16,Email,69.03,6906,625,41,2090.56
2024-04-16,Affiliate,352.54,25814,753,16,1409.51
2024-04-16,Display,313.17,25754,194,1,66.51
2024-04-17,Paid Search,370.65,28993,1715,82,4553.03
2024-04-17,Paid Social,524.25,100074,2280,36,1500.4
2024-04-17,Email,64.59,9208,936,73,2888.03
2024-04-17,Affiliate,525.03,49703,1662,50,3910.42
2024-04-17,Display,425.37,44653,554,3,143.13
2024-04-18,Paid Search,670.15,113095,5458,192,11688.29
2024-04-18,Paid Social,902.33,85074,1844,35,2915.54
2024-04-18,Email,63.31,7537,1061,82,7694.44
2024-04-18,Affiliate,309.22,23788,737,22,1882.01
2024-04-18,Display,272.28,31145,344,1,82.35
2024-04-19,Paid Search,486.88,36436,1614,63,5651.96
2024-04-19,Paid Social,789.75,63981,1364,27,1394.15
2024-04-19,Email,44.94,5405,493,40,3738.63
2024-04-19,Affiliate,251.06,55199,1108,37,1458.85
2024-04-19,Display,375.08,53290,372,2,152.76
2024-04-20,Paid Search,344.52,27238,1339,46,2185.01
2024-04-20,Paid Social,551.88,53615,1060,21,1318.94
2024-04-20,Email,42.28,4505,625,47,3230.16
2024-04-20,Affiliate,331.3,30657,914,28,1285.87
2024-04-20,Display,212.82,16715,149,2,182.55
2024-04-21,Paid Search,445.26,88720,4784,207,10856.59
2024-04-21,Paid Social,307.41,34825,552,8,389.6
2024-04-21,Email,26.45,2176,189,9,651.15
2024-04-21,Affiliate,214.71,25510,928,31,2884.07
2024-04-21,Display,305.87,75847,493,5,461.59
2024-04-22,Paid Search,467.77,51126,2296,87,4446.87
2024-04-22,Paid Social,720.42,112853,1867,43,2655.54
2024-04-22,Email,49.99,4807,705,44,3869.78
2024-04-22,Affiliate,352.99,33279,1201,31,1914.85
2024-04-22,Display,405.78,79442,819,4,193.97
2024-04-23,Paid Search,672.56,49014,2940,103,4509.25
2024-04-23,Paid Social,658.21,78230,1618,42,3258.42
2024-04-23,Email,49.19,4815,581,44,3989.41
2024-04-23,Affiliate,271.02,19646,730,15,931.51
2024-04-23,Display,420.07,60499,669,3,141.65
2024-04-24,Paid Search,468.96,99738,4548,157,13612.92
2024-04-24,Paid Social,581.02,74420,2011,47,1786.25
2024-04-24,Email,67.02,6630,622,37,2677.91
2024-04-24,Affiliate,275.14,41120,1282,37,1382.41
2024-04-24,Display,414.85,58618,808,4,223.31
2024-04-25,Paid Search,602.04,54973,3038,94,8159.02
2024-04-25,Paid Social,589.19,95496,2744,53,4362.32
2024-04-25,Email,42.08,4916,567,48,4089.19
2024-04-25,Affiliate,301.59,66792,1910,48,4547.02
2024-04-25,Display,298.65,37096,320,4,162.99
2024-04-26,Paid Search,475.3,44383,2036,90,5298.2
2024-04-26,Paid Social,657.68,80505,1269,20,1226.82
2024-04-26,Email,77.23,12794,1472,131,11088.77
2024-04-26,Affiliate,338.93,31529,1002,28,1990.08
2024-04-26,Display,500.74,65832,486,2,114.3
2024-04-27,Paid Search,345.96,36313,1419,65,2436.71
2024-04-27,Paid Social,564.59,53678,1252,26,2197.05
2024-04-27,Email,39.23,9432,1098,67,3959.24
2024-04-27,Affiliate,204.44,46069,1827,55,2251.35
2024-04-27,Display,128.4,13763,163,2,188.96
2024-04-28,Paid Search,173.63,12436,583,19,1090.91
2024-04-28,Paid Social,763.11,58911,1346,21,1635.74
2024-04-28,Email,31.04,2555,212,17,1505.72
2024-04-28,Affiliate,247.88,28267,634,17,685.98
2024-04-28,Display,277.37,47523,555,6,325.49
2024-04-29,Paid Search,617.33,46936,1689,59,3221.57
2024-04-29,Paid Social,615.3,79992,1333,31,2431.8
2024-04-29,Email,81.87,9203,933,47,3147.49
2024-04-29,Affiliate,343.09,40782,1598,36,3018.47
2024-04-29,Display,512.57,39448,561,4,361.23
2024-04-30,Paid Search,488.54,45274,2663,111,7767.31
2024-04-30,Paid Social,611.52,61357,1142,23,1326.44
2024-04-30,Email,38.19,3679,481,27,1437.94
2024-04-30,Affiliate,343.8,66084,2581,68,3970.98
2024-04-30,Display,386.98,45891,445,4,308.42
2024-05-01,Paid Search,570.68,100739,4620,146,9029.02
2024-05-01,Paid Social,941.79,79520,1322,27,2209.5
2024-05-01,Email,36.3,2936,382,19,1104.22
2024-05-01,Affiliate,327.81,35379,1183,41,3096.13
2024-05-01,Display,335.85,26951,250,1,51.35
2024-05-02,Paid Search,366.94,27216,1365,48,4540.44
2024-05-02,Paid Social,727.98,115957,2701,54,2251.47
2024-05-02,Email,48.47,4440,657,36,3226.77
2024-05-02,Affiliate,388.04,59416,1757,51,2748.74
2024-05-02,Display,289.49,23400,155,1,61.26
2024-05-03,Paid Search,507.35,52907,2413,119,6682.17
2024-05-03,Paid Social,811.97,128080,3375,88,7452.66
2024-05-03,Email,78.53,12622,1568,135,7234.54
2024-05-03,Affiliate,355.98,60852,2352,47,1796.89
2024-05-03,Display,349.02,27017,238,2,154.71
2024-05-04,Paid Search,350.27,30932,1439,58,3097.71
2024-05-04,Paid Social,478.37,48158,914,17,1491.37
2024-05-04,Email,56.26,11200,1390,99,3806.96
2024-05-04,Affiliate,174.22,17229,440,15,1244.07
2024-05-04,Display,284.26,21608,115,0,0.0
2024-05-05,Paid Search,370.41,64960,3199,142,10111.1
2024-05-05,Paid Social,418.98,95935,2024,30,1201.34
2024-05-05,Email,37.91,4521,388,33,1884.6
2024-05-05,Affiliate,236.33,23416,759,20,1506.39
2024-05-05,Display,121.83,18531,254,1,58.16
2024-05-06,Paid Search,716.47,98146,4333,208,9856.73
2024-05-06,Paid Social,339.5,26384,504,10,879.19
2024-05-06,Email,44.36,3175,436,36,1747.46
2024-05-06,Affiliate,420.97,36523,1334,31,1468.13
2024-05-06,Display,459.69,85506,787,7,508.83
2024-05-07,Paid Search,482.65,81501,3091,109,5030.04
2024-05-07,Paid Social,510.32,65988,1127,28,2614.48
2024-05-07,Email,66.22,6317,672,44,2337.63
2024-05-07,Affiliate,434.82,36134,1076,35,2594.62
2024-05-07,Display,473.58,70812,525,3,269.25
2024-05-08,Paid Search,553.04,42565,2365,109,6666.81
2024-05-08,Paid Social,693.71,65706,1027,30,2633.01
2024-05-08,Email,62.67,5362,738,38,2620.73
2024-05-08,Affiliate,375.84,36892,1391,42,2002.11
2024-05-08,Display,482.55,50174,256,1,56.57
2024-05-09,Paid Search,566.59,88909,4614,227,14183.78
2024-05-09,Paid Social,661.99,56999,1430,35,1227.46
2024-05-09,Email,76.61,13648,1264,88,6178.65
2024-05-09,Affiliate,338.82,48897,1902,55,4710.67
2024-05-09,Display,461.69,97993,501,5,302.84
2024-05-10,Paid Search,613.0,84436,3331,131,6587.69
2024-05-10,Paid Social,654.74,113131,3339,93,5395.68
2024-05-10,Email,60.95,6214,699,57,4836.31
2024-05-10,Affiliate,388.05,29712,613,12,768.25
2024-05-10,Display,452.14,54960,538,5,447.35
2024-05-11,Paid Search,383.73,51424,2169,93,4362.18
2024-05-11,Paid Social,447.24,40005,603,16,1264.49
2024-05-11,Email,40.17,4273,430,35,2465.28
2024-05-11,Affiliate,206.7,17115,550,12,718.08
2024-05-11,Display,335.18,24925,204,1,93.61
2024-05-12,Paid Search,295.5,24081,901,34,1564.96
2024-05-12,Paid Social,465.82,48899,893,14,843.56
2024-05-12,Email,49.26,5565,729,45,2027.2
2024-05-12,Affiliate,312.61,55215,2036,43,3416.63
2024-05-12,Display,227.63,20172,256,1,80.39
2024-05-13,Paid Search,475.08,49126,2511,91,4137.67
2024-05-13,Paid Social,886.14,72606,1313,21,1178.87
2024-05-13,Email,57.7,7542,1112,90,8097.43
2024-05-13,Affiliate,436.29,37749,1472,30,2084.84
2024-05-13,Display,,26199,191,2,109.91
2024-05-14,Paid Search,545.76,50582,2919,138,8455.01
2024-05-14,Paid Social,733.6,125962,2074,53,4738.74
2024-05-14,Email,44.66,4871,604,47,3250.51
2024-05-14,Affiliate,453.09,36224,992,33,2737.82
2024-05-14,Display,367.99,29827,443,6,390.51
2024-05-15,Paid Search,521.79,46046,2725,116,4238.89
2024-05-15,Paid Social,643.03,74410,1995,56,3220.03
2024-05-15,Email,58.74,6433,557,27,1793.36
2024-05-15,Affiliate,341.45,27021,638,20,1025.51
2024-05-15,Display,345.06,31170,201,2,184.94
2024-05-16,Paid Search,692.38,172130,8793,381,33449.8
2024-05-16,Paid Social,606.67,115769,3142,59,2298.75
2024-05-16,Email,45.2,4324,508,40,3337.09
2024-05-16,Affiliate,341.71,25635,963,32,2595.84
2024-05-16,Display,411.16,63434,895,8,514.2
2024-05-17,Paid Search,622.37,57181,2992,127,8320.77
2024-05-17,Paid Social,720.4,90526,1714,49,4202.2
2024-05-17,Email,82.25,14473,1204,104,9523.8
2024-05-17,Affiliate,375.01,36428,741,19,1467.55
2024-05-17,Display,456.88,37848,534,3,228.87
2024-05-18,Paid Search,358.78,62462,2731,108,9585.38
2024-05-18,Paid Social,498.64,123067,1950,58,3967.05
2024-05-18,Email,28.04,3725,514,37,2610.56
2024-05-18,Affiliate,318.68,51888,1180,34,2887.94
2024-05-18,Display,261.11,37189,241,2,162.49
2024-05-19,Paid Search,360.49,38548,1869,60,4009.05
2024-05-19,Paid Social,498.67,83232,2478,40,2224.22
2024-05-19,Email,32.69,4062,330,27,1332.53
2024-05-19,Affiliate,257.35,19666,774,26,1551.18
2024-05-19,Display,371.25,29737,207,3,123.25
2024-05-20,Paid Search,482.82,75555,3050,99,9061.14
2024-05-20,Paid Social,684.0,52114,911,18,858.39
2024-05-20,Email,32.91,6677,936,58,5343.97
2024-05-20,Affiliate,345.31,52016,1570,35,2080.09
2024-05-20,Display,365.8,33820,369,2,71.6
2024-05-21,Paid Search,652.64,124336,5370,163,9453.3
2024-05-21,Paid Social,763.99,81841,1624,30,2464.41
2024-05-21,Email,63.32,8650,989,60,4715.68
2024-05-21,Affiliate,316.4,43753,1243,29,2476.39
2024-05-21,Display,254.99,31072,301,4,192.49
2024-05-22,Paid Search,624.87,46342,1930,64,5268.75
2024-05-22,Paid Social,608.4,96968,1568,37,3375.01
2024-05-22,Email,58.21,5886,651,57,4253.31
2024-05-22,Affiliate,318.06,29227,991,30,1276.21
2024-05-22,Display,406.95,87368,1251,18,1283.47
2024-05-23,Paid Search,481.2,91769,4235,160,7478.31
2024-05-23,Paid Social,391.76,37403,1005,16,857.13
2024-05-23,Email,46.39,4923,602,39,3391.31
2024-05-23,Affiliate,348.56,49556,1751,57,4995.7
2024-05-23,Display,435.22,72906,701,10,722.22
2024-05-24,Paid Search,353.69,48671,2908,97,6650.05
2024-05-24,Paid Social,787.03,65044,1769,36,1845.36
2024-05-24,Email,47.68,5003,499,27,2246.16
2024-05-24,Affiliate,199.23,20543,568,16,1500.9
2024-05-24,Display,346.84,29217,403,5,320.97
2024-05-25,Paid Search,315.33,28756,1604,79,3486.8
2024-05-25,Paid Social,595.29,57447,1574,25,1796.05
2024-05-25,Email,37.52,2681,282,15,1229.42
2024-05-25,Affiliate,275.19,33596,759,18,773.97
2024-05-25,Display,286.67,29290,234,2,178.14
2024-05-26,Paid Search,304.56,71047,4191,142,7919.22
2024-05-26,Paid Social,459.09,45060,907,19,1379.58
2024-05-26,Email,50.32,7362,800,52,2730.9
2024-05-26,Affiliate,391.21,42884,1210,37,3098.87
2024-05-26,Display,302.92,40869,587,3,250.0
2024-05-27,Paid Search,485.52,60939,3417,147,13734.57
2024-05-27,Paid Social,684.97,132676,2991,79,3156.32
2024-05-27,Email,50.32,3612,349,19,994.94
2024-05-27,Affiliate,230.42,33600,962,31,2047.33
2024-05-27,Display,334.5,65711,371,5,279.13
2024-05-28,Paid Search,403.54,54856,2797,120,4847.94
2024-05-28,Paid Social,516.79,61396,1038,20,935.03
2024-05-28,Email,63.4,7407,753,47,3015.43
2024-05-28,Affiliate,380.64,86116,3440,91,8224.74
2024-05-28,Display,410.14,89651,537,7,418.05
2024-05-29,Paid Search,664.2,60677,2256,83,4555.69
2024-05-29,Paid Social,976.16,84603,1375,39,2480.24
2024-05-29,Email,41.0,3735,371,29,1738.73
2024-05-29,Affiliate,236.17,40090,964,31,2156.96
2024-05-29,Display,458.47,39019,550,3,284.64
2024-05-30,Paid Search,489.08,48234,2006,70,4527.55
2024-05-30,Paid Social,794.71,94963,2441,71,3204.4
2024-05-30,Email,36.02,3568,387,24,1566.48
2024-05-30,Affiliate,410.53,31370,1217,39,2176.07
2024-05-30,Display,410.16,36953,249,3,149.52
2024-05-31,Paid Search,421.21,38483,2220,96,9022.86
2024-05-31,Paid Social,785.04,179453,3218,76,4593.05
2024-05-31,Email,75.14,12482,1504,99,7999.82
2024-05-31,Affiliate,414.43,32434,1140,31,1750.85
2024-05-31,Display,316.2,45689,390,3,137.22
2024-06-01,Paid Search,420.73,82200,4661,191,7774.77
2024-06-01,Paid Social,402.69,61456,1065,23,1057.92
2024-06-01,Email,43.46,3942,433,33,2085.55
2024-06-01,Affiliate,240.33,29084,861,21,1776.03
2024-06-01,Display,335.38,54046,456,5,429.27
2024-06-02,Paid Search,387.62,50956,2609,121,5998.36
2024-06-02,Paid Social,499.64,45017,938,16,1143.14
2024-06-02,Email,53.79,7003,827,73,3196.77
2024-06-02,Affiliate,213.75,22766,884,18,1323.49
2024-06-02,Display,300.46,31592,195,2,113.32
2024-06-03,Paid Search,451.25,68552,2527,85,4371.97
2024-06-03,Paid Social,598.53,100016,2316,49,4141.38
2024-06-03,Email,63.9,5756,804,59,2195.35
2024-06-03,Affiliate,369.63,85509,2744,57,3840.46
2024-06-03,Display,389.11,30991,184,2,154.46
2024-06-04,Paid Search,484.48,48801,2110,74,3742.86
2024-06-04,Paid Social,697.65,65022,1045,18,723.9
2024-06-04,Email,51.42,5531,623,45,3757.33
2024-06-04,Affiliate,216.91,23750,623,17,1601.98
2024-06-04,Display,338.85,38628,536,2,77.59
2024-06-05,Paid Search,441.71,32911,1193,36,1281.07
2024-06-05,Paid Social,983.09,182807,4281,106,3808.88
2024-06-05,Email,37.79,5790,687,44,2446.22
2024-06-05,Affiliate,392.39,97196,2777,66,3725.33
2024-06-05,Display,339.3,46170,553,8,374.62
2024-06-06,Paid Search,345.13,34011,1276,38,3345.57
2024-06-06,Paid Social,849.82,167867,4168,106,9402.62
2024-06-06,Email,57.54,8081,826,48,3509.48
2024-06-06,Affiliate,387.07,79860,2214,55,2189.66
2024-06-06,Display,464.25,33568,260,3,267.1
2024-06-07,Paid Search,486.34,36872,1980,84,3918.45
2024-06-07,Paid Social,757.26,150983,4293,116,4662.66
2024-06-07,Email,51.85,8457,1129,82,7521.29
2024-06-07,Affiliate,471.71,94212,2586,74,6638.56
2024-06-07,Display,469.78,79909,625,4,177.08
2024-06-08,Paid Search,286.39,44127,2107,100,9225.95
2024-06-08,Paid Social,434.03,44771,1124,19,1271.25
2024-06-08,Email,34.52,4518,463,38,1863.77
2024-06-08,Affiliate,259.5,26329,700,23,1263.35
2024-06-08,Display,329.19,30129,297,3,132.52
2024-06-09,Paid Search,344.65,30337,1356,63,3087.62
2024-06-09,Paid Social,568.08,44969,918,15,723.27
2024-06-09,Email,40.47,6081,723,60,4297.52
2024-06-09,Affiliate,241.28,17522,455,15,1020.96
2024-06-09,Display,234.56,44090,365,2,162.61
2024-06-10,Paid Search,481.33,108351,6171,258,15885.67
2024-06-10,Paid Social,656.37,75458,2170,51,3190.2
2024-06-10,Email,34.52,3631,448,25,1098.01
2024-06-10,Affiliate,360.21,29241,586,13,911.56
2024-06-10,Display,533.77,103847,685,6,314.84
2024-06-11,Paid Search,577.48,53083,2284,98,3545.52
2024-06-11,Paid Social,780.18,59677,1731,40,3759.41
2024-06-11,Email,43.61,6251,696,48,4040.07
2024-06-11,Affiliate,253.7,56623,1925,44,3869.32
2024-06-11,Display,486.62,69943,445,3,213.17
2024-06-12,Paid Search,504.08,112402,5581,249,10342.29
2024-06-12,Paid Social,624.53,133371,2034,41,2139.86
2024-06-12,Email,57.55,13918,1743,138,8282.81
2024-06-12,Affiliate,345.28,53356,1336,27,2412.26
2024-06-12,Display,394.96,73534,900,8,525.76
2024-06-13,Paid Search,566.6,100971,5551,180,9494.88
2024-06-13,Paid Social,687.26,98447,2881,50,3332.82
2024-06-13,Email,60.04,6667,894,46,3116.69
2024-06-13,Affiliate,365.55,81107,2508,66,3912.24
2024-06-13,Display,436.05,42553,512,7,520.76
2024-06-14,Paid Search,753.32,70743,2951,97,3807.61
2024-06-14,Paid Social,706.18,136031,3434,87,6239.97
2024-06-14,Email,58.79,6804,667,57,2049.26
2024-06-14,Affiliate,407.49,41888,989,32,2042.43
2024-06-14,Display,590.92,127678,997,10,518.73
2024-06-15,Paid Search,,29496,1256,58,4437.44
2024-06-15,Paid Social,284.9,22082,599,11,760.54
2024-06-15,Email,38.25,6358,600,32,1578.98
2024-06-15,Affiliate,268.68,25049,626,12,723.55
2024-06-15,Display,301.51,27677,199,2,91.12
2024-06-16,Paid Search,472.46,37283,1587,64,3924.3
2024-06-16,Paid Social,546.62,129939,3591,72,5483.82
2024-06-16,Email,36.91,2980,279,19,1290.16
2024-06-16,Affiliate,273.89,63778,1737,47,3305.5
2024-06-16,Display,286.97,30412,362,4,193.84
2024-06-17,Paid Search,557.67,79899,3570,133,12197.06
2024-06-17,Paid Social,666.19,49430,765,12,568.34
2024-06-17,Email,61.41,4882,678,59,3444.61
2024-06-17,Affiliate,335.75,32729,1243,26,2201.36
2024-06-17,Display,406.05,35859,356,5,437.5
2024-06-18,Paid Search,597.71,66549,2731,105,4092.7
2024-06-18,Paid Social,830.04,102660,1545,34,3015.04
2024-06-18,Email,67.35,5008,572,33,3073.82
2024-06-18,Affiliate,249.21,29777,819,27,1155.48
2024-06-18,Display,460.75,67437,379,5,321.59
2024-06-19,Paid Search,274.06,21319,1009,35,2340.59
2024-06-19,Paid Social,690.3,98780,1825,37,2926.8
2024-06-19,Email,60.4,4326,417,25,1059.31
2024-06-19,Affiliate,372.31,48236,1622,54,2693.09
2024-06-19,Display,318.78,45006,408,2,177.13
2024-06-20,Paid Search,674.26,61248,2184,95,4614.99
2024-06-20,Paid Social,626.76,58369,1025,23,1958.29
2024-06-20,Email,55.5,6396,594,33,2125.19
2024-06-20,Affiliate,412.99,39564,1470,44,2427.91
2024-06-20,Display,230.01,21420,286,3,195.46
2024-06-21,Paid Search,531.08,41873,1760,67,5901.09
2024-06-21,Paid Social,388.19,29546,544,8,526.53
2024-06-21,Email,50.52,6296,875,57,4782.62
2024-06-21,Affiliate,130.32,19069,428,13,821.3
2024-06-21,Display,459.55,71986,888,13,516.67
2024-06-22,Paid Search,412.88,32524,1830,86,4179.2
2024-06-22,Paid Social,564.35,116102,2492,58,2929.76
2024-06-22,Email,37.28,4865,418,22,1801.06
2024-06-22,Affiliate,241.67,17434,661,23,1889.17
2024-06-22,Display,282.03,54660,447,3,115.89
2024-06-23,Paid Search,387.74,29593,1603,56,4823.88
2024-06-23,Paid Social,561.57,77603,1312,22,1309.83
2024-06-23,Email,38.03,7983,878,56,4958.39
2024-06-23,Affiliate,210.05,19898,526,15,1265.01
2024-06-23,Display,218.54,17546,139,1,42.36
2024-06-24,Paid Search,523.87,100869,5507,170,7905.42
2024-06-24,Paid Social,709.4,60711,1797,37,1395.13
2024-06-24,Email,65.83,9591,1286,65,2410.75
2024-06-24,Affiliate,368.69,34008,1062,29,2053.98
2024-06-24,Display,394.37,85063,722,7,349.52
2024-06-25,Paid Search,421.56,49807,2253,79,7159.15
2024-06-25,Paid Social,617.82,138281,3069,56,3089.31
2024-06-25,Email,,12506,1029,56,4141.53
2024-06-25,Affiliate,,23798,857,20,1529.82
2024-06-25,Display,427.74,82856,878,8,428.95
2024-06-26,Paid Search,570.32,117229,5999,203,12253.85
2024-06-26,Paid Social,487.76,65185,1286,37,2590.53
2024-06-26,Email,71.21,11441,1428,93,6289.42
2024-06-26,Affiliate,339.89,70654,2653,80,7399.52
2024-06-26,Display,426.02,62517,397,3,163.52
2024-06-27,Paid Search,554.07,83369,3530,166,10254.97
2024-06-27,Paid Social,563.18,125217,2232,65,2471.2
2024-06-27,Email,45.8,4989,500,28,2002.68
2024-06-27,Affiliate,422.91,71914,2213,59,5061.69
2024-06-27,Display,348.81,55094,586,3,257.23
2024-06-28,Paid Search,602.68,82752,4499,157,14425.49
2024-06-28,Paid Social,519.94,128094,2052,44,1641.27
2024-06-28,Email,47.54,4610,552,41,2463.77
2024-06-28,Affiliate,359.31,32288,923,22,960.57
2024-06-28,Display,491.22,65221,378,5,252.39
2024-06-29,Paid Search,385.1,82616,4031,173,6882.76
2024-06-29,Paid Social,339.17,60228,1140,29,1600.94
2024-06-29,Email,39.69,6219,634,49,4243.45
2024-06-29,Affiliate,232.55,33796,1034,27,2040.21
2024-06-29,Display,375.14,30275,367,2,107.68
2024-06-30,Paid Search,503.61,37865,1757,74,6722.33
2024-06-30,Paid Social,502.27,37311,723,10,411.58
2024-06-30,Email,44.25,5663,783,55,4187.66
2024-06-30,Affiliate,344.62,34905,1185,30,1933.4
2024-06-30,Display,158.62,11933,101,0,0.0
2024-03-15,Paid Search,433.03,46223,1745,86,7997.68
2024-03-15,Paid Social,610.93,45446,1044,17,1431.98
2024-03-15,Email,64.03,5752,793,56,2126.88
2024-03-15,Affiliate,366.2,33472,1278,30,2463.31
2024-03-15,Display,292.47,38735,352,2,70.69
