customer_id,recency,frequency,monetary,r_score,f_score,m_score,rfm_score,segment
C100000,104,1,177.363,3,1,2,6,Potential Loyalist
C100001,51,3,222.875,4,3,3,10,Champions
C100002,243,1,715.48,2,1,4,7,Lost / Churned
C100004,69,2,737.46,3,3,4,10,Champions
C100005,19,2,218.49,4,3,3,10,Champions
C100006,249,2,280.21,2,3,3,8,Loyal Customers
C100007,108,2,213.66,3,3,3,9,Loyal Customers
C100008,23,3,247.50900000000001,4,3,3,10,Champions
C100010,112,2,252.24,3,3,3,9,Loyal Customers
C100012,91,1,64.76,3,1,1,5,Potential Loyalist
C100013,63,3,664.45,3,3,4,10,Champions
C100015,68,1,28.61,3,1,1,5,Potential Loyalist
C100019,102,6,1335.991,3,4,4,11,Champions
C100021,84,4,1399.112,3,4,4,11,Champions
C100022,549,2,851.05,1,3,4,8,Loyal Customers
C100024,68,2,389.75,3,3,3,9,Loyal Customers
C100025,209,3,426.071,2,3,4,9,Loyal Customers
C100026,264,1,213.03549999999998,1,1,3,5,Lost / Churned
C100028,116,1,671.87,3,1,4,8,Loyal Customers
C100030,383,1,692.9399999999999,1,1,4,6,Lost / Churned
C100031,429,1,21.26,1,1,1,3,Lost / Churned
C100032,586,2,186.74,1,3,3,7,At Risk
C100037,72,1,14.12,3,1,1,5,Potential Loyalist
C100038,59,2,403.21000000000004,4,3,3,10,Champions
C100041,82,1,58.02,3,1,1,5,Potential Loyalist
C100042,132,1,16.77,2,1,1,4,Lost / Churned
C100043,83,5,324.3105,3,4,3,10,Champions
C100044,244,1,50.6,2,1,1,4,Lost / Churned
C100045,3,2,359.03,4,3,3,10,Champions
C100047,44,5,679.3,4,4,4,12,Champions
C100048,203,1,72.44,2,1,1,4,Lost / Churned
C100049,113,1,196.74,3,1,3,7,Potential Loyalist
C100050,87,3,183.83,3,3,3,9,Loyal Customers
C100051,418,1,67.07,1,1,1,3,Lost / Churned
C100052,12,1,186.62,4,1,3,8,Loyal Customers
C100053,60,6,1013.9440000000001,4,4,4,12,Champions
C100055,143,4,857.307,2,4,4,10,Champions
C100057,432,1,206.8,1,1,3,5,Lost / Churned
C100059,198,2,134.13,2,3,2,7,At Risk
C100061,61,1,149.36,3,1,2,6,Potential Loyalist
C100062,214,1,16.7,2,1,1,4,Lost / Churned
C100063,46,1,52.81,4,1,1,6,Potential Loyalist
C100064,396,1,57.27,1,1,1,3,Lost / Churned
C100065,114,2,166.076,3,3,2,8,Loyal Customers
C100066,77,2,162.82,3,3,2,8,Loyal Customers
C100068,76,1,268.49,3,1,3,7,Potential Loyalist
C100069,234,1,41.64,2,1,1,4,Lost / Churned
C100071,253,3,209.238,2,4,3,9,Loyal Customers
C100073,567,1,170.31,1,1,2,4,Lost / Churned
C100075,77,4,405.634,3,4,3,10,Champions
C100076,310,2,116.58000000000001,1,3,2,6,At Risk
C100077,335,1,38.248000000000005,1,1,1,3,Lost / Churned
C100079,22,1,63.17,4,1,1,6,Potential Loyalist
C100082,435,1,86.01,1,1,2,4,Lost / Churned
C100083,31,3,355.377,4,4,3,11,Champions
C100085,96,2,790.75,3,3,4,10,Champions
C100086,559,1,109.0125,1,1,2,4,Lost / Churned
C100089,33,2,82.06,4,3,2,9,Loyal Customers
C100090,8,5,495.08,4,4,4,12,Champions
C100091,121,2,554.6,3,3,4,10,Champions
C100092,21,3,388.89000000000004,4,4,3,11,Champions
C100093,349,1,221.508,1,1,3,5,Lost / Churned
C100094,78,1,531.96,3,1,4,8,Loyal Customers
C100095,326,1,6.98,1,1,1,3,Lost / Churned
C100096,80,1,198.02,3,1,3,7,Potential Loyalist
C100098,186,1,59.7,2,1,1,4,Lost / Churned
C100099,103,2,187.19,3,3,3,9,Loyal Customers
C100100,101,2,177.889,3,3,2,8,Loyal Customers
C100102,141,1,36.55,2,1,1,4,Lost / Churned
C100103,102,3,392.73,3,4,3,10,Champions
C100106,132,1,675.44,2,1,4,7,Lost / Churned
C100107,169,2,235.104,2,3,3,8,Loyal Customers
C100109,68,1,213.01,3,1,3,7,Potential Loyalist
C100110,466,1,157.36,1,1,2,4,Lost / Churned
C100111,10,4,258.85,4,4,3,11,Champions
C100112,315,1,34.07,1,1,1,3,Lost / Churned
C100113,10,1,452.9395,4,1,4,9,Loyal Customers
C100114,336,1,53.31,1,1,1,3,Lost / Churned
C100115,98,8,1340.49,3,4,4,11,Champions
C100116,424,1,74.42,1,1,1,3,Lost / Churned
C100117,522,1,197.76,1,1,3,5,Lost / Churned
C100119,389,1,15.54,1,1,1,3,Lost / Churned
C100121,36,1,8.27,4,1,1,6,Potential Loyalist
C100122,163,1,63.98,2,1,1,4,Lost / Churned
C100123,86,1,52.23,3,1,1,5,Potential Loyalist
C100124,15,2,744.2560000000001,4,3,4,11,Champions
C100125,123,1,52.62,3,1,1,5,Potential Loyalist
C100126,257,2,1009.48,1,3,4,8,Loyal Customers
C100127,41,2,47.42,4,3,1,8,Loyal Customers
C100128,53,5,486.002,4,4,4,12,Champions
C100129,38,4,2415.8360000000002,4,4,4,12,Champions
C100130,22,5,826.4590000000001,4,4,4,12,Champions
C100133,80,1,36.16,3,1,1,5,Potential Loyalist
C100135,237,1,107.99,2,1,2,5,Lost / Churned
C100136,80,4,399.152,3,4,3,10,Champions
C100139,17,6,1799.321,4,4,4,12,Champions
C100140,1,1,206.94,4,1,3,8,Loyal Customers
C100141,555,2,1462.0565,1,3,4,8,Loyal Customers
C100142,126,6,241.02,3,4,3,10,Champions
C100143,135,1,193.86,2,1,3,6,Lost / Churned
C100145,73,1,230.076,3,1,3,7,Potential Loyalist
C100146,686,1,126.12,1,1,2,4,Lost / Churned
C100147,226,1,592.56,2,1,4,7,Lost / Churned
C100148,50,1,37.71,4,1,1,6,Potential Loyalist
C100149,385,2,352.142,1,3,3,7,At Risk
C100150,42,1,55.28,4,1,1,6,Potential Loyalist
C100151,275,1,179.33,1,1,3,5,Lost / Churned
C100152,22,2,828.552,4,3,4,11,Champions
C100153,97,1,34.99,3,1,1,5,Potential Loyalist
C100155,38,3,1016.646,4,4,4,12,Champions
C100156,442,1,64.647,1,1,1,3,Lost / Churned
C100157,64,1,108.75,3,1,2,6,Potential Loyalist
C100159,25,2,1121.6299999999999,4,3,4,11,Champions
C100160,6,2,172.44,4,3,2,9,Loyal Customers
C100161,80,1,510.07,3,1,4,8,Loyal Customers
C100162,363,1,222.96,1,1,3,5,Lost / Churned
C100163,272,1,199.69,1,1,3,5,Lost / Churned
C100164,221,3,1845.83,2,4,4,10,Champions
C100165,152,1,229.53,2,1,3,6,Lost / Churned
C100167,246,2,313.34,2,3,3,8,Loyal Customers
C100168,321,1,133.2,1,1,2,4,Lost / Churned
C100169,691,1,202.56,1,1,3,5,Lost / Churned
C100170,29,1,12.05,4,1,1,6,Potential Loyalist
C100175,102,2,157.01,3,3,2,8,Loyal Customers
C100177,574,1,58.3,1,1,1,3,Lost / Churned
C100178,14,3,400.08000000000004,4,4,3,11,Champions
C100179,214,1,11.84,2,1,1,4,Lost / Churned
C100180,8,2,240.26000000000002,4,3,3,10,Champions
C100181,13,3,391.776,4,4,3,11,Champions
C100183,52,3,259.05,4,4,3,11,Champions
C100185,45,3,172.043,4,4,2,10,Champions
C100186,63,3,744.0695,3,4,4,11,Champions
C100187,184,5,1085.8310000000001,2,4,4,10,Champions
C100188,332,2,392.0025,1,3,3,7,At Risk
C100190,201,2,136.018,2,3,2,7,At Risk
C100191,18,8,848.39,4,4,4,12,Champions
C100192,32,2,197.89000000000001,4,3,3,10,Champions
C100194,26,3,1152.61,4,4,4,12,Champions
C100200,68,2,214.38,3,3,3,9,Loyal Customers
C100201,64,1,113.2285,3,1,2,6,Potential Loyalist
C100202,330,1,66.3,1,1,1,3,Lost / Churned
C100204,74,1,94.33,3,1,2,6,Potential Loyalist
C100205,52,6,500.3405,4,4,4,12,Champions
C100207,52,1,208.57,4,1,3,8,Loyal Customers
C100208,513,1,32.22,1,1,1,3,Lost / Churned
C100209,18,1,62.31,4,1,1,6,Potential Loyalist
C100210,196,1,176.69,2,1,2,5,Lost / Churned
C100211,137,2,63.09,2,3,1,6,At Risk
C100213,346,2,224.867,1,3,3,7,At Risk
C100215,261,4,257.13,1,4,3,8,Loyal Customers
C100216,153,1,72.14,2,1,1,4,Lost / Churned
C100219,5,4,459.141,4,4,4,12,Champions
C100220,169,1,45.56,2,1,1,4,Lost / Churned
C100221,131,1,462.13,2,1,4,7,Lost / Churned
C100222,230,1,225.4,2,1,3,6,Lost / Churned
C100223,499,1,12.41,1,1,1,3,Lost / Churned
C100224,134,4,368.57,2,4,3,9,Loyal Customers
C100225,195,1,144.15,2,1,2,5,Lost / Churned
C100226,125,2,205.21,3,3,3,9,Loyal Customers
C100227,92,2,165.54000000000002,3,3,2,8,Loyal Customers
C100228,22,1,865.11,4,1,4,9,Loyal Customers
C100229,242,1,26.05,2,1,1,4,Lost / Churned
C100231,11,4,1485.74,4,4,4,12,Champions
C100232,238,3,337.01099999999997,2,4,3,9,Loyal Customers
C100233,62,4,1427.5525,3,4,4,11,Champions
C100234,337,1,65.331,1,1,1,3,Lost / Churned
C100236,158,1,86.23,2,1,2,5,Lost / Churned
C100237,25,1,253.06,4,1,3,8,Loyal Customers
C100238,398,2,134.33,1,3,2,6,At Risk
C100239,255,1,561.72,2,1,4,7,Lost / Churned
C100240,36,1,469.506,4,1,4,9,Loyal Customers
C100242,186,2,169.04000000000002,2,3,2,7,At Risk
C100244,5,3,275.0895,4,4,3,11,Champions
C100245,360,1,138.37,1,1,2,4,Lost / Churned
C100248,135,2,476.898,2,3,4,9,Loyal Customers
C100249,463,3,855.9200000000001,1,4,4,9,Loyal Customers
C100250,146,1,731.62,2,1,4,7,Lost / Churned
C100252,520,1,50.47,1,1,1,3,Lost / Churned
C100254,153,1,75.0,2,1,1,4,Lost / Churned
C100255,319,1,25.938000000000002,1,1,1,3,Lost / Churned
C100256,20,1,63.07,4,1,1,6,Potential Loyalist
C100257,383,2,1151.351,1,3,4,8,Loyal Customers
C100258,551,1,696.62,1,1,4,6,Lost / Churned
C100259,90,2,631.1330000000002,3,3,4,10,Champions
C100260,7,3,67.85,4,4,1,9,Loyal Customers
C100264,3,3,107.6,4,4,2,10,Champions
C100266,399,1,159.3,1,1,2,4,Lost / Churned
C100268,179,1,147.82,2,1,2,5,Lost / Churned
C100269,12,1,45.65,4,1,1,6,Potential Loyalist
C100270,258,2,886.62,1,3,4,8,Loyal Customers
C100271,663,1,19.82,1,1,1,3,Lost / Churned
C100272,578,1,80.78,1,1,2,4,Lost / Churned
C100273,23,2,153.45,4,3,2,9,Loyal Customers
C100274,9,3,379.64,4,4,3,11,Champions
C100275,2,1,190.9,4,1,3,8,Loyal Customers
C100277,47,1,64.25,4,1,1,6,Potential Loyalist
C100279,318,1,221.76,1,1,3,5,Lost / Churned
C100280,260,1,346.08,1,1,3,5,Lost / Churned
C100281,153,1,24.72,2,1,1,4,Lost / Churned
C100282,175,3,143.14,2,4,2,8,Loyal Customers
C100283,220,2,142.534,2,3,2,7,At Risk
C100284,150,2,186.933,2,3,3,8,Loyal Customers
C100287,135,4,353.81,2,4,3,9,Loyal Customers
C100288,59,3,654.016,4,4,4,12,Champions
C100289,179,1,166.35,2,1,2,5,Lost / Churned
C100290,113,2,80.52100000000002,3,3,2,8,Loyal Customers
C100295,364,1,23.0,1,1,1,3,Lost / Churned
C100296,101,1,18.18,3,1,1,5,Potential Loyalist
C100297,366,1,994.22,1,1,4,6,Lost / Churned
C100298,159,1,93.58,2,1,2,5,Lost / Churned
C100299,272,2,88.253,1,3,2,6,At Risk
C100300,24,3,712.693,4,4,4,12,Champions
C100301,149,1,35.42,2,1,1,4,Lost / Churned
C100302,372,3,251.31,1,4,3,8,Loyal Customers
C100303,57,4,1260.532,4,4,4,12,Champions
C100304,68,1,149.23,3,1,2,6,Potential Loyalist
C100305,182,1,36.94,2,1,1,4,Lost / Churned
C100306,453,2,128.8655,1,3,2,6,At Risk
C100308,455,2,464.38,1,3,4,8,Loyal Customers
C100309,537,2,122.2415,1,3,2,6,At Risk
C100310,51,1,62.152,4,1,1,6,Potential Loyalist
C100312,105,3,133.77,3,4,2,9,Loyal Customers
C100314,473,1,802.68,1,1,4,6,Lost / Churned
C100316,125,2,894.3299999999999,3,3,4,10,Champions
C100319,165,1,191.8,2,1,3,6,Lost / Churned
C100321,146,5,829.7195,2,4,4,10,Champions
C100322,297,1,23.229,1,1,1,3,Lost / Churned
C100323,1,6,610.8,4,4,4,12,Champions
C100325,544,1,37.42,1,1,1,3,Lost / Churned
C100327,180,3,140.99399999999997,2,4,2,8,Loyal Customers
C100328,217,2,69.75,2,3,1,6,At Risk
C100329,256,1,31.99,2,1,1,4,Lost / Churned
C100330,251,1,15.78,2,1,1,4,Lost / Churned
C100331,59,1,855.55,4,1,4,9,Loyal Customers
C100332,405,1,158.53,1,1,2,4,Lost / Churned
C100333,58,1,232.52,4,1,3,8,Loyal Customers
C100335,126,2,271.26,3,3,3,9,Loyal Customers
C100338,374,1,92.72,1,1,2,4,Lost / Churned
C100339,39,2,770.68,4,3,4,11,Champions
C100341,436,1,256.14,1,1,3,5,Lost / Churned
C100342,4,3,208.45,4,4,3,11,Champions
C100345,76,3,736.51,3,4,4,11,Champions
C100346,27,2,129.21,4,3,2,9,Loyal Customers
C100347,62,1,80.95,3,1,2,6,Potential Loyalist
C100348,137,5,1609.53,2,4,4,10,Champions
C100350,132,1,85.18400000000001,2,1,2,5,Lost / Churned
C100353,154,9,855.7,2,4,4,10,Champions
C100355,19,1,100.6,4,1,2,7,Potential Loyalist
C100357,42,1,257.72,4,1,3,8,Loyal Customers
C100358,15,3,900.38,4,4,4,12,Champions
C100359,107,1,444.91,3,1,4,8,Loyal Customers
C100360,41,1,53.18,4,1,1,6,Potential Loyalist
C100361,22,4,300.05850000000004,4,4,3,11,Champions
C100362,344,1,34.22,1,1,1,3,Lost / Churned
C100363,105,1,63.96,3,1,1,5,Potential Loyalist
C100364,78,4,482.971,3,4,4,11,Champions
C100366,54,3,678.6820000000001,4,4,4,12,Champions
C100367,121,1,82.7645,3,1,2,6,Potential Loyalist
C100368,7,7,570.972,4,4,4,12,Champions
C100369,105,1,84.618,3,1,2,6,Potential Loyalist
C100370,20,1,67.62,4,1,1,6,Potential Loyalist
C100371,31,2,772.32,4,3,4,11,Champions
C100372,127,6,949.058,3,4,4,11,Champions
C100373,6,2,93.82900000000001,4,3,2,9,Loyal Customers
C100374,30,1,763.398,4,1,4,9,Loyal Customers
C100375,639,1,587.39,1,1,4,6,Lost / Churned
C100376,35,3,337.039,4,4,3,11,Champions
C100377,188,1,20.178,2,1,1,4,Lost / Churned
C100378,109,1,62.11,3,1,1,5,Potential Loyalist
C100380,705,1,18.53,1,1,1,3,Lost / Churned
C100383,135,5,456.22,2,4,4,10,Champions
C100386,550,1,130.12,1,1,2,4,Lost / Churned
C100387,101,1,169.144,3,1,2,6,Potential Loyalist
C100389,265,1,172.19,1,1,2,4,Lost / Churned
C100390,122,3,217.72,3,4,3,10,Champions
C100391,357,1,140.35,1,1,2,4,Lost / Churned
C100392,226,1,247.52,2,1,3,6,Lost / Churned
C100394,124,1,445.896,3,1,4,8,Loyal Customers
C100395,47,2,856.8,4,3,4,11,Champions
C100397,533,2,91.12,1,3,2,6,At Risk
C100398,458,1,77.98,1,1,2,4,Lost / Churned
C100400,26,1,126.17999999999999,4,1,2,7,Potential Loyalist
C100401,102,1,118.95,3,1,2,6,Potential Loyalist
C100404,263,2,231.095,1,3,3,7,At Risk
C100405,265,2,207.032,1,3,3,7,At Risk
C100406,365,1,68.21,1,1,1,3,Lost / Churned
C100409,147,1,33.2,2,1,1,4,Lost / Churned
C100410,6,6,899.38,4,4,4,12,Champions
C100411,394,1,38.692,1,1,1,3,Lost / Churned
C100413,142,3,225.352,2,4,3,9,Loyal Customers
C100415,101,3,1043.0600000000002,3,4,4,11,Champions
C100419,318,1,78.9,1,1,2,4,Lost / Churned
C100420,64,1,304.62,3,1,3,7,Potential Loyalist
C100421,61,4,114.25,3,4,2,9,Loyal Customers
C100422,109,2,130.47,3,3,2,8,Loyal Customers
C100424,396,1,136.11,1,1,2,4,Lost / Churned
C100425,459,1,1253.2,1,1,4,6,Lost / Churned
C100427,75,1,81.11,3,1,2,6,Potential Loyalist
C100428,599,3,319.63,1,4,3,8,Loyal Customers
C100429,21,3,1017.841,4,4,4,12,Champions
C100430,34,2,95.694,4,3,2,9,Loyal Customers
C100431,188,1,99.13,2,1,2,5,Lost / Churned
C100432,30,1,215.29,4,1,3,8,Loyal Customers
C100433,528,1,5.22,1,1,1,3,Lost / Churned
C100434,379,1,469.85,1,1,4,6,Lost / Churned
C100435,163,4,989.746,2,4,4,10,Champions
C100436,58,7,941.9355,4,4,4,12,Champions
C100437,36,4,1450.612,4,4,4,12,Champions
C100438,672,1,150.98,1,1,2,4,Lost / Churned
C100439,149,1,121.49,2,1,2,5,Lost / Churned
C100441,363,1,76.49,1,1,2,4,Lost / Churned
C100442,456,1,32.56,1,1,1,3,Lost / Churned
C100443,26,1,70.1,4,1,1,6,Potential Loyalist
C100444,245,1,230.76,2,1,3,6,Lost / Churned
C100445,231,1,46.35,2,1,1,4,Lost / Churned
C100446,455,2,218.029,1,3,3,7,At Risk
C100448,31,1,113.37,4,1,2,7,Potential Loyalist
C100449,469,1,86.07600000000001,1,1,2,4,Lost / Churned
C100450,37,1,592.84,4,1,4,9,Loyal Customers
C100453,638,2,209.14600000000002,1,3,3,7,At Risk
C100454,154,1,21.65,2,1,1,4,Lost / Churned
C100457,64,7,1032.1940000000002,3,4,4,11,Champions
C100458,38,3,243.37900000000002,4,4,3,11,Champions
C100460,69,6,543.42,3,4,4,11,Champions
C100461,85,3,205.29000000000002,3,4,3,10,Champions
C100462,159,1,61.092,2,1,1,4,Lost / Churned
C100463,113,1,40.75,3,1,1,5,Potential Loyalist
C100464,251,4,597.822,2,4,4,10,Champions
C100465,5,3,298.37149999999997,4,4,3,11,Champions
C100466,104,1,6.328,3,1,1,5,Potential Loyalist
C100467,193,1,81.26,2,1,2,5,Lost / Churned
C100469,3,1,144.99,4,1,2,7,Potential Loyalist
C100470,69,1,43.98,3,1,1,5,Potential Loyalist
C100471,4,2,182.95,4,3,3,10,Champions
C100472,371,1,89.6,1,1,2,4,Lost / Churned
C100473,105,2,18.625999999999998,3,3,1,7,Potential Loyalist
C100476,67,2,348.92,3,3,3,9,Loyal Customers
C100478,2,2,672.08,4,3,4,11,Champions
C100479,178,3,1708.61,2,4,4,10,Champions
C100480,519,1,179.08,1,1,3,5,Lost / Churned
C100482,383,1,24.14,1,1,1,3,Lost / Churned
C100484,168,2,74.81,2,3,1,6,At Risk
C100485,256,1,510.462,2,1,4,7,Lost / Churned
C100486,414,1,43.038000000000004,1,1,1,3,Lost / Churned
C100489,156,3,356.41999999999996,2,4,3,9,Loyal Customers
C100490,12,5,402.679,4,4,3,11,Champions
C100492,90,2,345.03,3,3,3,9,Loyal Customers
C100493,75,2,238.024,3,3,3,9,Loyal Customers
C100494,80,3,1147.6699999999998,3,4,4,11,Champions
C100496,256,3,436.66700000000003,2,4,4,10,Champions
C100498,32,1,147.44,4,1,2,7,Potential Loyalist
C100499,365,1,195.534,1,1,3,5,Lost / Churned
C100500,278,1,786.41,1,1,4,6,Lost / Churned
C100503,5,1,63.19,4,1,1,6,Potential Loyalist
C100504,24,1,519.44,4,1,4,9,Loyal Customers
C100505,328,1,33.92,1,1,1,3,Lost / Churned
C100507,555,1,105.75,1,1,2,4,Lost / Churned
C100508,175,2,149.69,2,3,2,7,At Risk
C100509,378,1,42.96,1,1,1,3,Lost / Churned
C100510,2,1,395.24,4,1,3,8,Loyal Customers
C100512,15,1,57.52,4,1,1,6,Potential Loyalist
C100516,76,3,521.0699999999999,3,4,4,11,Champions
C100517,66,1,65.74,3,1,1,5,Potential Loyalist
C100518,54,1,103.59200000000001,4,1,2,7,Potential Loyalist
C100519,75,3,1264.144,3,4,4,11,Champions
C100520,275,2,591.5400000000001,1,3,4,8,Loyal Customers
C100524,479,1,662.17,1,1,4,6,Lost / Churned
C100525,44,1,183.24800000000002,4,1,3,8,Loyal Customers
C100527,143,3,205.914,2,4,3,9,Loyal Customers
C100528,47,2,96.11,4,3,2,9,Loyal Customers
C100530,285,1,685.58,1,1,4,6,Lost / Churned
C100531,492,1,47.66,1,1,1,3,Lost / Churned
C100532,408,1,252.06,1,1,3,5,Lost / Churned
C100534,130,1,73.89,2,1,1,4,Lost / Churned
C100535,57,2,363.92,4,3,3,10,Champions
C100536,24,1,54.84,4,1,1,6,Potential Loyalist
C100537,20,5,1083.477,4,4,4,12,Champions
C100538,103,1,443.295,3,1,4,8,Loyal Customers
C100541,202,1,228.537,2,1,3,6,Lost / Churned
C100543,84,3,251.012,3,4,3,10,Champions
C100544,36,2,101.318,4,3,2,9,Loyal Customers
C100545,174,2,1636.246,2,3,4,9,Loyal Customers
C100548,261,1,721.53,1,1,4,6,Lost / Churned
C100549,2,3,585.3199999999999,4,4,4,12,Champions
C100550,164,1,36.72,2,1,1,4,Lost / Churned
C100551,377,1,593.66,1,1,4,6,Lost / Churned
C100555,315,1,56.58,1,1,1,3,Lost / Churned
C100556,171,1,149.07,2,1,2,5,Lost / Churned
C100559,16,1,21.22,4,1,1,6,Potential Loyalist
C100560,99,4,443.46,3,4,4,11,Champions
C100562,9,1,8.78,4,1,1,6,Potential Loyalist
C100565,49,4,722.7529999999999,4,4,4,12,Champions
C100567,128,1,145.88,3,1,2,6,Potential Loyalist
C100568,97,2,117.684,3,3,2,8,Loyal Customers
C100570,7,2,123.19,4,3,2,9,Loyal Customers
C100571,401,1,13.41,1,1,1,3,Lost / Churned
C100573,296,1,104.11,1,1,2,4,Lost / Churned
C100574,201,1,156.99,2,1,2,5,Lost / Churned
C100577,106,2,104.38999999999999,3,3,2,8,Loyal Customers
C100578,30,2,590.35,4,3,4,11,Champions
C100579,63,2,586.8,3,3,4,10,Champions
C100580,482,1,653.752,1,1,4,6,Lost / Churned
C100581,65,1,97.0,3,1,2,6,Potential Loyalist
C100582,456,1,152.92,1,1,2,4,Lost / Churned
C100583,246,2,877.3299999999999,2,3,4,9,Loyal Customers
C100584,106,1,36.7,3,1,1,5,Potential Loyalist
C100587,153,2,271.64549999999997,2,3,3,8,Loyal Customers
C100588,3,2,369.15,4,3,3,10,Champions
C100589,124,2,266.30899999999997,3,3,3,9,Loyal Customers
C100590,58,4,579.5160000000001,4,4,4,12,Champions
C100591,72,3,805.044,3,4,4,11,Champions
C100592,57,1,186.38,4,1,3,8,Loyal Customers
C100594,89,1,127.84,3,1,2,6,Potential Loyalist
C100595,61,2,108.87,3,3,2,8,Loyal Customers
C100596,48,1,45.91,4,1,1,6,Potential Loyalist
C100598,14,2,1007.0500000000001,4,3,4,11,Champions
C100599,258,1,83.94,1,1,2,4,Lost / Churned
C100600,256,2,76.504,2,3,2,7,At Risk
C100601,157,2,95.59,2,3,2,7,At Risk
C100602,147,1,20.67,2,1,1,4,Lost / Churned
C100603,118,3,343.832,3,4,3,10,Champions
C100606,37,4,120.94200000000001,4,4,2,10,Champions
C100607,216,1,56.48,2,1,1,4,Lost / Churned
C100608,28,2,332.01,4,3,3,10,Champions
C100609,90,1,78.786,3,1,2,6,Potential Loyalist
C100611,186,2,234.096,2,3,3,8,Loyal Customers
C100612,6,9,1110.0059999999999,4,4,4,12,Champions
C100614,149,1,88.71,2,1,2,5,Lost / Churned
C100615,27,1,365.94,4,1,3,8,Loyal Customers
C100616,107,1,34.47,3,1,1,5,Potential Loyalist
C100617,288,3,276.568,1,4,3,8,Loyal Customers
C100618,315,3,409.04,1,4,3,8,Loyal Customers
C100619,517,1,68.68,1,1,1,3,Lost / Churned
C100621,318,1,230.51,1,1,3,5,Lost / Churned
C100624,169,1,119.74799999999999,2,1,2,5,Lost / Churned
C100625,256,1,222.49,2,1,3,6,Lost / Churned
C100626,116,6,539.671,3,4,4,11,Champions
C100627,451,1,116.53,1,1,2,4,Lost / Churned
C100628,113,1,68.87700000000001,3,1,1,5,Potential Loyalist
C100629,386,1,295.65,1,1,3,5,Lost / Churned
C100630,162,1,260.91,2,1,3,6,Lost / Churned
C100631,465,1,34.4,1,1,1,3,Lost / Churned
C100632,126,7,1419.355,3,4,4,11,Champions
C100633,407,1,1162.22,1,1,4,6,Lost / Churned
C100634,79,3,1072.025,3,4,4,11,Champions
C100635,192,1,150.7,2,1,2,5,Lost / Churned
C100636,118,1,107.865,3,1,2,6,Potential Loyalist
C100639,38,1,91.94,4,1,2,7,Potential Loyalist
C100640,138,1,255.59,2,1,3,6,Lost / Churned
C100641,59,1,93.32,4,1,2,7,Potential Loyalist
C100642,76,1,443.745,3,1,4,8,Loyal Customers
C100643,219,1,113.37,2,1,2,5,Lost / Churned
C100644,33,4,808.202,4,4,4,12,Champions
C100645,470,1,45.51,1,1,1,3,Lost / Churned
C100646,296,1,22.113,1,1,1,3,Lost / Churned
C100647,34,2,53.739000000000004,4,3,1,8,Loyal Customers
C100648,46,1,115.19,4,1,2,7,Potential Loyalist
C100649,74,1,19.704,3,1,1,5,Potential Loyalist
C100650,305,1,82.67,1,1,2,4,Lost / Churned
C100651,267,1,269.88,1,1,3,5,Lost / Churned
C100653,95,1,80.56,3,1,2,6,Potential Loyalist
C100654,296,1,11.02,1,1,1,3,Lost / Churned
C100655,203,1,72.3,2,1,1,4,Lost / Churned
C100656,11,3,354.10400000000004,4,4,3,11,Champions
C100657,248,1,31.84,2,1,1,4,Lost / Churned
C100658,663,1,21.76,1,1,1,3,Lost / Churned
C100660,520,1,46.34,1,1,1,3,Lost / Churned
C100661,151,3,1221.6599999999999,2,4,4,10,Champions
C100662,156,4,1147.586,2,4,4,10,Champions
C100663,415,1,46.22,1,1,1,3,Lost / Churned
C100664,8,2,219.348,4,3,3,10,Champions
C100666,195,1,54.14,2,1,1,4,Lost / Churned
C100667,51,2,430.90999999999997,4,3,4,11,Champions
C100668,59,1,214.87,4,1,3,8,Loyal Customers
C100669,51,4,915.51,4,4,4,12,Champions
C100671,63,3,540.48,3,4,4,11,Champions
C100672,212,3,638.847,2,4,4,10,Champions
C100673,19,4,1898.0994999999998,4,4,4,12,Champions
C100674,82,3,880.905,3,4,4,11,Champions
C100675,84,3,240.726,3,4,3,10,Champions
C100676,216,1,33.2605,2,1,1,4,Lost / Churned
C100677,280,1,160.58,1,1,2,4,Lost / Churned
C100679,25,2,414.662,4,3,3,10,Champions
C100680,39,2,214.618,4,3,3,10,Champions
C100681,166,1,31.63,2,1,1,4,Lost / Churned
C100682,17,2,85.268,4,3,2,9,Loyal Customers
C100683,7,1,21.72,4,1,1,6,Potential Loyalist
C100684,69,1,32.93,3,1,1,5,Potential Loyalist
C100686,384,1,26.89,1,1,1,3,Lost / Churned
C100688,92,2,339.706,3,3,3,9,Loyal Customers
C100691,3,4,473.27,4,4,4,12,Champions
C100692,15,1,219.75,4,1,3,8,Loyal Customers
C100693,35,3,413.62,4,4,3,11,Champions
C100694,553,1,59.75,1,1,1,3,Lost / Churned
C100695,152,2,233.04,2,3,3,8,Loyal Customers
C100696,216,1,5.96,2,1,1,4,Lost / Churned
C100697,206,1,110.17,2,1,2,5,Lost / Churned
C100698,113,1,17.5,3,1,1,5,Potential Loyalist
C100699,153,3,1297.24,2,4,4,10,Champions
C100701,170,3,418.757,2,4,4,10,Champions
C100702,49,4,126.608,4,4,2,10,Champions
C100704,138,4,170.87,2,4,2,8,Loyal Customers
C100705,108,3,720.6199999999999,3,4,4,11,Champions
C100706,721,1,154.52,1,1,2,4,Lost / Churned
C100707,244,1,881.97,2,1,4,7,Lost / Churned
C100709,28,1,133.49,4,1,2,7,Potential Loyalist
C100710,99,4,958.819,3,4,4,11,Champions
C100711,257,2,877.6179999999999,1,3,4,8,Loyal Customers
C100712,166,1,18.14,2,1,1,4,Lost / Churned
C100713,37,2,112.31,4,3,2,9,Loyal Customers
C100714,8,2,146.7,4,3,2,9,Loyal Customers
C100715,47,1,17.72,4,1,1,6,Potential Loyalist
C100717,182,3,233.971,2,4,3,9,Loyal Customers
C100718,458,1,491.99,1,1,4,6,Lost / Churned
C100719,271,1,126.603,1,1,2,4,Lost / Churned
C100720,561,1,64.98,1,1,1,3,Lost / Churned
C100723,22,2,285.306,4,3,3,10,Champions
C100724,111,1,39.996,3,1,1,5,Potential Loyalist
C100726,117,1,86.92,3,1,2,6,Potential Loyalist
C100727,153,4,186.88150000000002,2,4,3,9,Loyal Customers
C100728,169,2,280.66,2,3,3,8,Loyal Customers
C100729,269,1,104.58,1,1,2,4,Lost / Churned
C100730,145,2,223.93,2,3,3,8,Loyal Customers
C100732,66,1,27.05,3,1,1,5,Potential Loyalist
C100733,121,1,18.56,3,1,1,5,Potential Loyalist
C100734,129,5,2158.73,2,4,4,10,Champions
C100735,60,3,1363.78,4,4,4,12,Champions
C100736,62,1,43.58,3,1,1,5,Potential Loyalist
C100737,428,1,16.98,1,1,1,3,Lost / Churned
C100738,45,3,379.07,4,4,3,11,Champions
C100739,40,3,516.9449999999999,4,4,4,12,Champions
C100740,110,1,33.14,3,1,1,5,Potential Loyalist
C100741,73,1,892.86,3,1,4,8,Loyal Customers
C100742,71,5,497.123,3,4,4,11,Champions
C100743,172,1,47.6,2,1,1,4,Lost / Churned
C100744,85,1,30.55,3,1,1,5,Potential Loyalist
C100745,366,3,302.49,1,4,3,8,Loyal Customers
C100746,232,1,40.85,2,1,1,4,Lost / Churned
C100747,414,1,17.63,1,1,1,3,Lost / Churned
C100749,101,5,1281.6039999999998,3,4,4,11,Champions
C100750,27,2,187.64000000000001,4,3,3,10,Champions
C100751,570,1,639.48,1,1,4,6,Lost / Churned
C100752,40,1,133.68,4,1,2,7,Potential Loyalist
C100753,41,1,124.31,4,1,2,7,Potential Loyalist
C100754,214,1,79.62400000000001,2,1,2,5,Lost / Churned
C100755,111,2,337.82,3,3,3,9,Loyal Customers
C100756,197,1,127.98,2,1,2,5,Lost / Churned
C100757,427,2,121.01,1,3,2,6,At Risk
C100759,63,4,1272.9969999999998,3,4,4,11,Champions
C100760,241,1,36.05,2,1,1,4,Lost / Churned
C100762,23,4,873.304,4,4,4,12,Champions
C100764,204,2,120.93,2,3,2,7,At Risk
C100765,71,1,38.09,3,1,1,5,Potential Loyalist
C100766,13,5,320.88,4,4,3,11,Champions
C100768,465,1,127.22,1,1,2,4,Lost / Churned
C100769,207,1,165.72,2,1,2,5,Lost / Churned
C100771,19,2,64.65,4,3,1,8,Loyal Customers
C100772,702,1,19.58,1,1,1,3,Lost / Churned
C100773,20,3,204.91899999999998,4,4,3,11,Champions
C100774,47,1,93.68,4,1,2,7,Potential Loyalist
C100777,155,1,392.472,2,1,3,6,Lost / Churned
C100778,348,1,199.21,1,1,3,5,Lost / Churned
C100779,49,1,446.56,4,1,4,9,Loyal Customers
C100780,86,1,157.47,3,1,2,6,Potential Loyalist
C100781,64,3,658.35,3,4,4,11,Champions
C100782,23,3,1025.0335,4,4,4,12,Champions
C100783,107,4,141.152,3,4,2,9,Loyal Customers
C100785,236,1,45.34,2,1,1,4,Lost / Churned
C100786,136,4,1172.45,2,4,4,10,Champions
C100787,218,1,88.67,2,1,2,5,Lost / Churned
C100788,92,1,92.86,3,1,2,6,Potential Loyalist
C100789,186,2,380.62,2,3,3,8,Loyal Customers
C100790,469,2,159.85,1,3,2,6,At Risk
C100792,72,1,168.46,3,1,2,6,Potential Loyalist
C100794,357,2,186.08800000000002,1,3,3,7,At Risk
C100795,128,1,443.048,3,1,4,8,Loyal Customers
C100796,32,2,283.59000000000003,4,3,3,10,Champions
C100797,304,1,41.74,1,1,1,3,Lost / Churned
C100799,262,3,678.3299999999999,1,4,4,9,Loyal Customers
C100800,508,1,118.592,1,1,2,4,Lost / Churned
C100801,159,3,626.0060000000001,2,4,4,10,Champions
C100804,122,1,125.72000000000001,3,1,2,6,Potential Loyalist
C100805,40,2,101.50999999999999,4,3,2,9,Loyal Customers
C100806,272,1,62.334,1,1,1,3,Lost / Churned
C100807,275,1,12.67,1,1,1,3,Lost / Churned
C100808,123,1,33.52,3,1,1,5,Potential Loyalist
C100811,39,1,218.3905,4,1,3,8,Loyal Customers
C100815,80,1,14.392,3,1,1,5,Potential Loyalist
C100816,462,3,301.086,1,4,3,8,Loyal Customers
C100818,262,1,107.06,1,1,2,4,Lost / Churned
C100820,262,1,38.88,1,1,1,3,Lost / Churned
C100821,149,1,31.38,2,1,1,4,Lost / Churned
C100822,508,1,69.11,1,1,1,3,Lost / Churned
C100824,204,1,625.12,2,1,4,7,Lost / Churned
C100825,412,2,280.34000000000003,1,3,3,7,At Risk
C100827,84,1,30.032999999999998,3,1,1,5,Potential Loyalist
C100828,71,1,15.04,3,1,1,5,Potential Loyalist
C100829,118,2,196.63400000000001,3,3,3,9,Loyal Customers
C100830,517,1,235.28,1,1,3,5,Lost / Churned
C100831,471,2,93.446,1,3,2,6,At Risk
C100832,209,1,44.83,2,1,1,4,Lost / Churned
C100834,97,2,146.29,3,3,2,8,Loyal Customers
C100835,107,2,155.36,3,3,2,8,Loyal Customers
C100837,311,2,258.324,1,3,3,7,At Risk
C100838,158,2,80.91,2,3,2,7,At Risk
C100839,26,2,196.066,4,3,3,10,Champions
C100841,158,1,135.34,2,1,2,5,Lost / Churned
C100842,2,1,151.1,4,1,2,7,Potential Loyalist
C100843,46,4,419.51,4,4,4,12,Champions
C100844,217,2,113.12,2,3,2,7,At Risk
C100845,453,3,233.112,1,4,3,8,Loyal Customers
C100846,52,9,893.61,4,4,4,12,Champions
C100847,639,1,84.63600000000001,1,1,2,4,Lost / Churned
C100848,118,1,56.83,3,1,1,5,Potential Loyalist
C100849,166,1,256.24800000000005,2,1,3,6,Lost / Churned
C100850,14,1,14.56,4,1,1,6,Potential Loyalist
C100851,64,1,35.84,3,1,1,5,Potential Loyalist
C100853,55,2,805.95,4,3,4,11,Champions
C100854,456,1,86.48,1,1,2,4,Lost / Churned
C100855,69,1,13.21,3,1,1,5,Potential Loyalist
C100857,312,2,356.05899999999997,1,3,3,7,At Risk
C100858,199,1,25.27,2,1,1,4,Lost / Churned
C100860,18,1,105.15,4,1,2,7,Potential Loyalist
C100862,548,2,897.62,1,3,4,8,Loyal Customers
C100863,37,4,204.736,4,4,3,11,Champions
C100864,100,2,842.61,3,3,4,10,Champions
C100865,68,1,51.91,3,1,1,5,Potential Loyalist
C100866,107,1,80.37,3,1,2,6,Potential Loyalist
C100867,25,3,365.264,4,4,3,11,Champions
C100868,65,1,64.75500000000001,3,1,1,5,Potential Loyalist
C100869,103,4,260.65,3,4,3,10,Champions
C100871,501,1,1480.32,1,1,4,6,Lost / Churned
C100872,25,6,1894.656,4,4,4,12,Champions
C100873,562,2,420.58,1,3,4,8,Loyal Customers
C100874,53,3,470.85,4,4,4,12,Champions
C100877,8,1,67.16,4,1,1,6,Potential Loyalist
C100878,294,1,847.26,1,1,4,6,Lost / Churned
C100881,44,1,168.03,4,1,2,7,Potential Loyalist
C100882,344,1,465.62,1,1,4,6,Lost / Churned
C100884,32,1,46.6,4,1,1,6,Potential Loyalist
C100885,104,1,199.5885,3,1,3,7,Potential Loyalist
C100886,99,3,167.988,3,4,2,9,Loyal Customers
C100889,16,12,2501.4,4,4,4,12,Champions
C100890,430,1,8.56,1,1,1,3,Lost / Churned
C100891,17,2,1116.08,4,3,4,11,Champions
C100892,325,1,8.92,1,1,1,3,Lost / Churned
C100894,158,1,371.61,2,1,3,6,Lost / Churned
C100895,181,1,18.33,2,1,1,4,Lost / Churned
C100897,643,1,178.1,1,1,2,4,Lost / Churned
C100898,59,1,73.3,4,1,1,6,Potential Loyalist
C100899,84,4,224.14,3,4,3,10,Champions
C100900,535,2,134.84,1,3,2,6,At Risk
C100901,104,2,418.21,3,3,4,10,Champions
C100903,38,1,94.02,4,1,2,7,Potential Loyalist
C100904,167,6,1322.26,2,4,4,10,Champions
C100906,328,1,35.66,1,1,1,3,Lost / Churned
C100907,129,4,394.6,2,4,3,9,Loyal Customers
C100909,158,1,6.11,2,1,1,4,Lost / Churned
C100910,132,2,647.154,2,3,4,9,Loyal Customers
C100912,144,1,125.66,2,1,2,5,Lost / Churned
C100913,18,3,728.3720000000001,4,4,4,12,Champions
C100914,27,2,253.21,4,3,3,10,Champions
C100918,275,1,11.23,1,1,1,3,Lost / Churned
C100919,283,1,178.53,1,1,2,4,Lost / Churned
C100923,100,7,797.9300000000001,3,4,4,11,Champions
C100924,111,2,37.04,3,3,1,7,Potential Loyalist
C100925,29,1,90.7,4,1,2,7,Potential Loyalist
C100926,185,1,42.1,2,1,1,4,Lost / Churned
C100927,416,1,46.539,1,1,1,3,Lost / Churned
C100928,134,1,46.16,2,1,1,4,Lost / Churned
C100929,304,1,220.84,1,1,3,5,Lost / Churned
C100930,228,1,1528.26,2,1,4,7,Lost / Churned
C100931,111,1,30.362,3,1,1,5,Potential Loyalist
C100932,437,1,125.23,1,1,2,4,Lost / Churned
C100933,228,1,164.15200000000002,2,1,2,5,Lost / Churned
C100935,47,1,11.62,4,1,1,6,Potential Loyalist
C100936,538,2,183.19,1,3,3,7,At Risk
C100937,300,2,102.764,1,3,2,6,At Risk
C100938,207,1,35.59,2,1,1,4,Lost / Churned
C100941,446,1,17.96,1,1,1,3,Lost / Churned
C100942,74,1,20.74,3,1,1,5,Potential Loyalist
C100944,167,4,313.08000000000004,2,4,3,9,Loyal Customers
C100945,75,2,549.51,3,3,4,10,Champions
C100947,622,1,249.88,1,1,3,5,Lost / Churned
C100948,20,1,41.832,4,1,1,6,Potential Loyalist
C100949,482,1,64.28,1,1,1,3,Lost / Churned
C100950,618,2,147.264,1,3,2,6,At Risk
C100951,30,2,76.38,4,3,2,9,Loyal Customers
C100952,68,3,259.408,3,4,3,10,Champions
C100953,117,4,369.451,3,4,3,10,Champions
C100954,162,1,645.39,2,1,4,7,Lost / Churned
C100955,276,2,178.09,1,3,2,6,At Risk
C100956,437,1,40.16,1,1,1,3,Lost / Churned
C100957,25,2,100.14,4,3,2,9,Loyal Customers
C100959,102,1,34.17,3,1,1,5,Potential Loyalist
C100960,178,2,94.96000000000001,2,3,2,7,At Risk
C100965,42,5,812.36,4,4,4,12,Champions
C100966,301,1,245.18,1,1,3,5,Lost / Churned
C100969,103,5,384.702,3,4,3,10,Champions
C100970,158,2,195.27999999999997,2,3,3,8,Loyal Customers
C100971,3,2,196.38,4,3,3,10,Champions
C100972,344,1,51.44,1,1,1,3,Lost / Churned
C100973,69,7,710.32,3,4,4,11,Champions
C100974,268,3,770.684,1,4,4,9,Loyal Customers
C100975,145,3,1290.605,2,4,4,10,Champions
C100976,133,1,24.72,2,1,1,4,Lost / Churned
C100978,189,1,96.528,2,1,2,5,Lost / Churned
C100981,220,1,269.22,2,1,3,6,Lost / Churned
C100982,252,1,76.74,2,1,2,5,Lost / Churned
C100983,64,4,551.9780000000001,3,4,4,11,Champions
C100984,149,1,18.882,2,1,1,4,Lost / Churned
C100985,236,1,74.28,2,1,1,4,Lost / Churned
C100987,98,2,203.825,3,3,3,9,Loyal Customers
C100988,56,3,454.02,4,4,4,12,Champions
C100989,158,1,44.28,2,1,1,4,Lost / Churned
C100990,2,2,129.20999999999998,4,3,2,9,Loyal Customers
C100991,326,1,51.38,1,1,1,3,Lost / Churned
C100992,108,6,638.265,3,4,4,11,Champions
C100993,237,2,212.25,2,3,3,8,Loyal Customers
C100994,355,1,25.91,1,1,1,3,Lost / Churned
C100996,135,2,87.856,2,3,2,7,At Risk
C100999,120,1,36.36,3,1,1,5,Potential Loyalist
C101000,108,3,326.466,3,4,3,10,Champions
C101002,110,2,524.0799999999999,3,3,4,10,Champions
C101003,102,1,12.92,3,1,1,5,Potential Loyalist
C101007,141,2,495.32,2,3,4,9,Loyal Customers
C101008,68,2,92.45,3,3,2,8,Loyal Customers
C101011,35,6,1713.7,4,4,4,12,Champions
C101012,528,3,1306.2890000000002,1,4,4,9,Loyal Customers
C101013,30,2,280.62,4,3,3,10,Champions
C101014,247,3,392.34000000000003,2,4,3,9,Loyal Customers
C101015,116,1,118.28,3,1,2,6,Potential Loyalist
C101016,46,1,17.33,4,1,1,6,Potential Loyalist
C101017,106,1,178.33,3,1,2,6,Potential Loyalist
C101018,616,2,315.76,1,3,3,7,At Risk
C101019,288,1,53.55,1,1,1,3,Lost / Churned
C101020,364,3,895.886,1,4,4,9,Loyal Customers
C101021,334,2,177.75,1,3,2,6,At Risk
C101022,59,2,149.255,4,3,2,9,Loyal Customers
C101024,94,1,31.26,3,1,1,5,Potential Loyalist
C101025,606,1,22.58,1,1,1,3,Lost / Churned
C101026,599,2,179.082,1,3,3,7,At Risk
C101027,76,7,1388.76,3,4,4,11,Champions
C101028,309,1,118.27,1,1,2,4,Lost / Churned
C101029,211,1,18.683,2,1,1,4,Lost / Churned
C101031,64,4,413.68,3,4,3,10,Champions
C101034,115,7,3335.4775,3,4,4,11,Champions
C101035,71,1,1097.34,3,1,4,8,Loyal Customers
C101036,5,4,943.98,4,4,4,12,Champions
C101038,2,1,93.63,4,1,2,7,Potential Loyalist
C101039,86,2,236.95000000000002,3,3,3,9,Loyal Customers
C101040,92,1,100.52,3,1,2,6,Potential Loyalist
C101045,20,5,415.87,4,4,4,12,Champions
C101046,249,2,132.81,2,3,2,7,At Risk
C101047,31,6,809.45,4,4,4,12,Champions
C101048,263,1,172.82,1,1,2,4,Lost / Churned
C101052,72,1,59.959,3,1,1,5,Potential Loyalist
C101054,71,3,195.535,3,4,3,10,Champions
C101055,11,2,62.282,4,3,1,8,Loyal Customers
C101056,249,1,159.52,2,1,2,5,Lost / Churned
C101058,199,3,375.65900000000005,2,4,3,9,Loyal Customers
C101059,259,1,44.136,1,1,1,3,Lost / Churned
C101060,26,7,1572.95,4,4,4,12,Champions
C101061,124,3,1310.56,3,4,4,11,Champions
C101062,539,2,133.88,1,3,2,6,At Risk
C101063,128,3,93.42,3,4,2,9,Loyal Customers
C101064,20,3,384.15999999999997,4,4,3,11,Champions
C101065,160,7,2702.911,2,4,4,10,Champions
C101066,1,2,731.5899999999999,4,3,4,11,Champions
C101067,221,1,1660.5,2,1,4,7,Lost / Churned
C101068,5,3,247.012,4,4,3,11,Champions
C101069,251,2,103.08999999999999,2,3,2,7,At Risk
C101070,163,2,66.066,2,3,1,6,At Risk
C101071,62,2,235.62,3,3,3,9,Loyal Customers
C101072,99,2,980.9559999999999,3,3,4,10,Champions
C101073,260,2,748.26,1,3,4,8,Loyal Customers
C101074,275,2,1054.1799999999998,1,3,4,8,Loyal Customers
C101075,92,4,1578.114,3,4,4,11,Champions
C101077,140,2,111.825,2,3,2,7,At Risk
C101078,42,3,162.704,4,4,2,10,Champions
C101080,12,1,98.56,4,1,2,7,Potential Loyalist
C101081,13,2,264.628,4,3,3,10,Champions
C101082,24,1,251.97,4,1,3,8,Loyal Customers
C101083,251,1,29.87,2,1,1,4,Lost / Churned
C101084,190,7,536.67,2,4,4,10,Champions
C101085,1,4,716.364,4,4,4,12,Champions
C101086,51,3,280.308,4,4,3,11,Champions
C101087,6,1,57.84,4,1,1,6,Potential Loyalist
C101088,26,2,173.69,4,3,2,9,Loyal Customers
C101089,237,1,89.45,2,1,2,5,Lost / Churned
C101091,105,3,688.13,3,4,4,11,Champions
C101092,62,2,300.31,3,3,3,9,Loyal Customers
C101093,22,2,202.12,4,3,3,10,Champions
C101095,109,3,1070.55,3,4,4,11,Champions
C101096,138,1,19.33,2,1,1,4,Lost / Churned
C101097,107,1,104.53,3,1,2,6,Potential Loyalist
C101098,610,3,410.05,1,4,3,8,Loyal Customers
C101099,389,2,162.70999999999998,1,3,2,6,At Risk
C101100,374,1,135.78,1,1,2,4,Lost / Churned
C101101,131,1,173.736,2,1,2,5,Lost / Churned
C101102,83,2,121.89099999999999,3,3,2,8,Loyal Customers
C101103,185,2,83.22,2,3,2,7,At Risk
C101104,303,1,115.59,1,1,2,4,Lost / Churned
C101105,502,3,183.303,1,4,3,8,Loyal Customers
C101106,65,5,376.57,3,4,3,10,Champions
C101107,24,3,180.75,4,4,3,11,Champions
C101108,12,3,89.07000000000001,4,4,2,10,Champions
C101109,153,3,375.95,2,4,3,9,Loyal Customers
C101111,231,2,152.9,2,3,2,7,At Risk
C101112,118,3,324.85,3,4,3,10,Champions
C101113,479,1,280.95,1,1,3,5,Lost / Churned
C101114,475,2,516.6800000000001,1,3,4,8,Loyal Customers
C101115,325,1,87.76,1,1,2,4,Lost / Churned
C101117,107,1,14.994,3,1,1,5,Potential Loyalist
C101118,74,1,37.197,3,1,1,5,Potential Loyalist
C101120,245,4,515.44,2,4,4,10,Champions
C101121,133,1,401.98,2,1,3,6,Lost / Churned
C101124,78,1,146.35,3,1,2,6,Potential Loyalist
C101126,7,2,64.241,4,3,1,8,Loyal Customers
C101127,21,7,599.0825,4,4,4,12,Champions
C101128,21,1,30.258,4,1,1,6,Potential Loyalist
C101129,14,3,330.64,4,4,3,11,Champions
C101130,280,1,34.21,1,1,1,3,Lost / Churned
C101131,28,1,37.74,4,1,1,6,Potential Loyalist
C101132,135,3,218.568,2,4,3,9,Loyal Customers
C101133,94,1,219.83,3,1,3,7,Potential Loyalist
C101134,212,1,94.28,2,1,2,5,Lost / Churned
C101135,631,2,67.03999999999999,1,3,1,5,At Risk
C101136,84,1,13.59,3,1,1,5,Potential Loyalist
C101137,41,6,618.181,4,4,4,12,Champions
C101139,325,1,117.92000000000002,1,1,2,4,Lost / Churned
C101140,22,3,105.35,4,4,2,10,Champions
C101141,31,2,145.43,4,3,2,9,Loyal Customers
C101143,42,2,148.1955,4,3,2,9,Loyal Customers
C101144,295,1,59.43,1,1,1,3,Lost / Churned
C101147,17,1,259.5,4,1,3,8,Loyal Customers
C101148,66,1,65.18700000000001,3,1,1,5,Potential Loyalist
C101149,35,1,145.68,4,1,2,7,Potential Loyalist
C101150,79,4,681.154,3,4,4,11,Champions
C101151,341,1,35.29,1,1,1,3,Lost / Churned
C101152,81,2,162.235,3,3,2,8,Loyal Customers
C101154,449,1,611.008,1,1,4,6,Lost / Churned
C101155,128,1,82.51,3,1,2,6,Potential Loyalist
C101157,6,5,485.3125,4,4,4,12,Champions
C101158,224,1,24.435,2,1,1,4,Lost / Churned
C101159,354,1,766.77,1,1,4,6,Lost / Churned
C101163,237,1,69.97,2,1,1,4,Lost / Churned
C101164,57,1,15.597,4,1,1,6,Potential Loyalist
C101165,141,3,264.132,2,4,3,9,Loyal Customers
C101166,300,2,670.303,1,3,4,8,Loyal Customers
C101167,129,4,221.04000000000002,2,4,3,9,Loyal Customers
C101169,1,2,86.76,4,3,2,9,Loyal Customers
C101170,48,1,236.72,4,1,3,8,Loyal Customers
C101171,113,1,100.68,3,1,2,6,Potential Loyalist
C101172,14,5,820.4580000000001,4,4,4,12,Champions
C101173,595,1,18.522,1,1,1,3,Lost / Churned
C101174,102,4,376.97,3,4,3,10,Champions
C101175,317,3,2284.005,1,4,4,9,Loyal Customers
C101176,340,1,1532.78,1,1,4,6,Lost / Churned
C101177,220,2,284.53700000000003,2,3,3,8,Loyal Customers
C101179,658,1,28.94,1,2,1,4,Lost / Churned
C101181,38,1,42.066,4,2,1,7,Potential Loyalist
C101187,281,1,120.1,1,2,2,5,Lost / Churned
C101188,330,1,26.1,1,2,1,4,Lost / Churned
C101189,562,1,270.89,1,2,3,6,Lost / Churned
C101191,328,1,134.68,1,2,2,5,Lost / Churned
C101192,19,2,1107.1599999999999,4,3,4,11,Champions
C101193,100,4,237.053,3,4,3,10,Champions
C101196,147,2,559.21,2,3,4,9,Loyal Customers
C101197,3,2,281.43100000000004,4,3,3,10,Champions
C101198,53,1,14.968499999999999,4,2,1,7,Potential Loyalist
C101199,202,2,87.46,2,3,2,7,At Risk
C101201,337,1,26.608,1,2,1,4,Lost / Churned
C101203,122,1,19.38,3,2,1,6,Potential Loyalist
C101204,145,4,1222.6,2,4,4,10,Champions
C101205,11,1,15.75,4,2,1,7,Potential Loyalist
C101209,20,1,44.37,4,2,1,7,Potential Loyalist
C101210,27,2,97.46600000000001,4,3,2,9,Loyal Customers
C101212,352,1,84.89,1,2,2,5,Lost / Churned
C101213,38,5,387.32000000000005,4,4,3,11,Champions
C101216,316,1,80.595,1,2,2,5,Lost / Churned
C101217,105,1,86.83,3,2,2,7,Potential Loyalist
C101218,121,1,334.206,3,2,3,8,Loyal Customers
C101219,170,2,116.41,2,3,2,7,At Risk
C101221,199,1,166.58,2,2,2,6,Lost / Churned
C101222,4,2,63.535000000000004,4,3,1,8,Loyal Customers
C101224,37,2,911.174,4,3,4,11,Champions
C101225,14,1,695.7,4,2,4,10,Champions
C101226,163,3,275.494,2,4,3,9,Loyal Customers
C101227,3,1,8.058,4,2,1,7,Potential Loyalist
C101228,136,2,81.16,2,3,2,7,At Risk
C101229,72,5,583.434,3,4,4,11,Champions
C101231,4,2,259.63,4,3,3,10,Champions
C101232,11,3,415.83,4,4,3,11,Champions
C101233,79,1,18.027,3,2,1,6,Potential Loyalist
C101234,72,1,145.707,3,2,2,7,Potential Loyalist
C101236,187,2,369.63,2,3,3,8,Loyal Customers
C101237,194,1,166.032,2,2,2,6,Lost / Churned
C101238,96,1,66.351,3,2,1,6,Potential Loyalist
C101240,101,2,143.499,3,3,2,8,Loyal Customers
C101244,36,3,612.27,4,4,4,12,Champions
C101250,374,4,2918.16,1,4,4,9,Loyal Customers
C101252,22,1,6.3,4,2,1,7,Potential Loyalist
C101253,165,1,228.75,2,2,3,7,Lost / Churned
C101254,94,3,568.24,3,4,4,11,Champions
C101255,98,5,552.92,3,4,4,11,Champions
C101257,178,3,164.01,2,4,2,8,Loyal Customers
C101258,225,1,520.2935,2,2,4,8,Loyal Customers
C101259,165,1,36.5,2,2,1,5,Lost / Churned
C101260,190,4,272.8985,2,4,3,9,Loyal Customers
C101262,222,2,105.19,2,3,2,7,At Risk
C101263,30,2,561.866,4,3,4,11,Champions
C101264,273,4,571.53,1,4,4,9,Loyal Customers
C101265,277,3,642.24,1,4,4,9,Loyal Customers
C101266,2,2,463.04999999999995,4,3,4,11,Champions
C101267,386,3,354.185,1,4,3,8,Loyal Customers
C101269,632,1,52.36,1,2,1,4,Lost / Churned
C101271,535,2,266.92,1,3,3,7,At Risk
C101272,71,1,76.18,3,2,2,7,Potential Loyalist
C101273,236,1,33.64,2,2,1,5,Lost / Churned
C101274,84,1,123.642,3,2,2,7,Potential Loyalist
C101275,154,3,873.692,2,4,4,10,Champions
C101276,89,1,262.91,3,2,3,8,Loyal Customers
C101279,21,2,205.61,4,3,3,10,Champions
C101280,179,1,118.42,2,2,2,6,Lost / Churned
C101281,168,2,110.386,2,3,2,7,At Risk
C101282,173,2,256.03000000000003,2,3,3,8,Loyal Customers
C101285,197,4,312.37,2,4,3,9,Loyal Customers
C101286,6,1,731.5740000000001,4,2,4,10,Champions
C101287,233,5,196.192,2,4,3,9,Loyal Customers
C101288,217,2,88.64,2,3,2,7,At Risk
C101289,146,1,435.66,2,2,4,8,Loyal Customers
C101290,135,4,422.98,2,4,4,10,Champions
C101292,68,1,83.31,3,2,2,7,Potential Loyalist
C101293,183,1,9.05,2,2,1,5,Lost / Churned
C101294,4,1,32.38,4,2,1,7,Potential Loyalist
C101295,68,3,61.321000000000005,3,4,1,8,Loyal Customers
C101297,201,1,131.44,2,2,2,6,Lost / Churned
C101298,230,2,57.32000000000001,2,3,1,6,At Risk
C101299,120,2,277.33,3,3,3,9,Loyal Customers
C101301,406,1,112.5,1,2,2,5,Lost / Churned
C101305,121,1,143.89,3,2,2,7,Potential Loyalist
C101306,550,2,317.86999999999995,1,3,3,7,At Risk
C101307,460,1,53.8,1,2,1,4,Lost / Churned
C101309,26,1,19.04,4,2,1,7,Potential Loyalist
C101311,403,1,284.83,1,2,3,6,Lost / Churned
C101312,128,1,8.33,3,2,1,6,Potential Loyalist
C101313,115,1,67.56,3,2,1,6,Potential Loyalist
C101316,170,3,581.14,2,4,4,10,Champions
C101317,266,2,84.19,1,3,2,6,At Risk
C101318,176,1,250.97,2,2,3,7,Lost / Churned
C101320,439,1,76.03,1,2,1,4,Lost / Churned
C101321,18,1,828.87,4,2,4,10,Champions
C101322,265,1,491.5634999999999,1,2,4,7,Lost / Churned
C101323,34,1,332.12,4,2,3,9,Loyal Customers
C101324,22,1,820.67,4,2,4,10,Champions
C101325,150,5,600.554,2,4,4,10,Champions
C101326,2,4,2089.91,4,4,4,12,Champions
C101327,131,3,198.45,2,4,3,9,Loyal Customers
C101328,166,1,9.6,2,2,1,5,Lost / Churned
C101329,82,7,448.24,3,4,4,11,Champions
C101331,124,3,125.1,3,4,2,9,Loyal Customers
C101334,168,1,34.84,2,2,1,5,Lost / Churned
C101335,3,1,65.96000000000001,4,2,1,7,Potential Loyalist
C101336,127,1,107.3,3,2,2,7,Potential Loyalist
C101337,107,1,21.69,3,2,1,6,Potential Loyalist
C101340,283,1,130.12,1,2,2,5,Lost / Churned
C101341,426,1,30.681000000000004,1,2,1,4,Lost / Churned
C101342,528,3,202.25,1,4,3,8,Loyal Customers
C101343,17,1,166.77,4,2,2,8,Loyal Customers
C101344,557,1,68.72,1,2,1,4,Lost / Churned
C101345,12,1,41.73,4,2,1,7,Potential Loyalist
C101347,40,5,891.7800000000001,4,4,4,12,Champions
C101348,91,2,276.744,3,3,3,9,Loyal Customers
C101349,278,2,98.55,1,3,2,6,At Risk
C101350,318,1,348.09000000000003,1,2,3,6,Lost / Churned
C101352,121,4,322.327,3,4,3,10,Champions
C101353,81,1,8.28,3,2,1,6,Potential Loyalist
C101354,499,1,436.81,1,2,4,7,Lost / Churned
C101355,115,2,144.77,3,3,2,8,Loyal Customers
C101358,550,1,7.5055,1,2,1,4,Lost / Churned
C101360,89,1,296.0,3,2,3,8,Loyal Customers
C101361,355,2,128.37,1,3,2,6,At Risk
C101362,454,1,237.6,1,2,3,6,Lost / Churned
C101363,222,1,102.29,2,2,2,6,Lost / Churned
C101364,93,1,194.16,3,2,3,8,Loyal Customers
C101366,317,2,1086.468,1,3,4,8,Loyal Customers
C101368,14,2,1051.98,4,3,4,11,Champions
C101369,207,1,67.05000000000001,2,2,1,5,Lost / Churned
C101370,77,2,281.88,3,3,3,9,Loyal Customers
C101371,177,3,457.068,2,4,4,10,Champions
C101372,270,1,178.98,1,2,3,6,Lost / Churned
C101373,374,1,86.13,1,2,2,5,Lost / Churned
C101375,26,2,138.82,4,3,2,9,Loyal Customers
C101377,193,1,549.33,2,2,4,8,Loyal Customers
C101378,78,1,39.185,3,2,1,6,Potential Loyalist
C101379,291,2,95.82,1,3,2,6,At Risk
C101380,13,1,1179.16,4,2,4,10,Champions
C101381,103,3,401.98,3,4,3,10,Champions
C101383,64,1,23.05,3,2,1,6,Potential Loyalist
C101384,404,1,11.45,1,2,1,4,Lost / Churned
C101385,264,3,241.23000000000002,1,4,3,8,Loyal Customers
C101386,182,1,93.501,2,2,2,6,Lost / Churned
C101387,372,1,230.72,1,2,3,6,Lost / Churned
C101388,104,1,177.65,3,2,2,7,Potential Loyalist
C101390,62,1,31.03,3,2,1,6,Potential Loyalist
C101391,247,1,88.06,2,2,2,6,Lost / Churned
C101392,11,1,24.72,4,2,1,7,Potential Loyalist
C101393,105,5,364.34799999999996,3,4,3,10,Champions
C101394,110,3,199.20999999999998,3,4,3,10,Champions
C101396,26,5,674.83,4,4,4,12,Champions
C101397,91,1,220.02,3,2,3,8,Loyal Customers
C101398,93,4,1738.7200000000003,3,4,4,11,Champions
C101399,437,1,524.32,1,2,4,7,Lost / Churned
C101401,46,2,69.72,4,3,1,8,Loyal Customers
C101403,486,1,294.34,1,2,3,6,Lost / Churned
C101405,101,1,66.38,3,2,1,6,Potential Loyalist
C101406,469,1,54.16,1,2,1,4,Lost / Churned
C101408,631,1,30.3,1,2,1,4,Lost / Churned
C101409,295,2,33.17,1,3,1,5,At Risk
C101411,143,1,783.13,2,2,4,8,Loyal Customers
C101413,102,2,84.95100000000001,3,3,2,8,Loyal Customers
C101414,127,2,1515.28,3,3,4,10,Champions
C101416,174,2,722.3220000000001,2,3,4,9,Loyal Customers
C101419,135,3,366.936,2,4,3,9,Loyal Customers
C101420,48,2,42.563,4,3,1,8,Loyal Customers
C101421,10,3,1475.0,4,4,4,12,Champions
C101422,245,1,38.75,2,2,1,5,Lost / Churned
C101423,87,2,59.74,3,3,1,7,Potential Loyalist
C101424,129,5,407.2675,2,4,3,9,Loyal Customers
C101425,54,1,75.82,4,2,1,7,Potential Loyalist
C101426,204,1,88.93,2,2,2,6,Lost / Churned
C101428,61,5,2205.67,3,4,4,11,Champions
C101431,57,2,100.3,4,3,2,9,Loyal Customers
C101432,109,4,281.27,3,4,3,10,Champions
C101435,16,7,641.7685,4,4,4,12,Champions
C101436,160,2,2164.61,2,3,4,9,Loyal Customers
C101437,189,1,29.4,2,2,1,5,Lost / Churned
C101438,251,1,103.98,2,2,2,6,Lost / Churned
C101439,11,3,66.95400000000001,4,4,1,9,Loyal Customers
C101440,107,1,223.62,3,2,3,8,Loyal Customers
C101442,16,2,223.41,4,3,3,10,Champions
C101443,398,1,623.42,1,2,4,7,Lost / Churned
C101444,229,3,375.65999999999997,2,4,3,9,Loyal Customers
C101445,641,3,313.9805,1,4,3,8,Loyal Customers
C101446,5,2,35.903,4,3,1,8,Loyal Customers
C101447,32,2,59.665,4,3,1,8,Loyal Customers
C101448,208,1,81.38,2,2,2,6,Lost / Churned
C101450,101,1,63.48,3,2,1,6,Potential Loyalist
C101451,191,3,876.065,2,4,4,10,Champions
C101452,63,2,546.76,3,3,4,10,Champions
C101453,211,2,206.08999999999997,2,3,3,8,Loyal Customers
C101454,102,1,73.32,3,2,1,6,Potential Loyalist
C101457,110,2,173.55,3,3,2,8,Loyal Customers
C101461,394,2,109.47399999999999,1,3,2,6,At Risk
C101462,298,4,1106.04,1,4,4,9,Loyal Customers
C101463,448,1,38.896,1,2,1,4,Lost / Churned
C101466,35,1,48.92,4,2,1,7,Potential Loyalist
C101468,88,1,626.83,3,2,4,9,Loyal Customers
C101469,200,1,75.75,2,2,1,5,Lost / Churned
C101470,1,3,172.95,4,4,2,10,Champions
C101471,154,2,702.47,2,3,4,9,Loyal Customers
C101472,302,1,135.32,1,2,2,5,Lost / Churned
C101473,64,1,266.8745,3,2,3,8,Loyal Customers
C101474,6,1,614.33,4,2,4,10,Champions
C101475,13,5,632.8199999999999,4,4,4,12,Champions
C101476,275,2,53.61,1,3,1,5,At Risk
C101477,68,1,78.69,3,2,2,7,Potential Loyalist
C101478,19,8,1785.024,4,4,4,12,Champions
C101479,223,1,139.91,2,2,2,6,Lost / Churned
C101481,56,2,606.666,4,3,4,11,Champions
C101482,65,5,1797.8700000000001,3,4,4,11,Champions
C101484,360,2,65.92999999999999,1,3,1,5,At Risk
C101485,80,1,64.7,3,2,1,6,Potential Loyalist
C101489,15,7,771.275,4,4,4,12,Champions
C101492,435,2,106.75999999999999,1,3,2,6,At Risk
C101494,198,2,190.45999999999998,2,3,3,8,Loyal Customers
C101495,191,1,51.83,2,2,1,5,Lost / Churned
C101497,112,4,460.2,3,4,4,11,Champions
C101501,535,1,109.67,1,2,2,5,Lost / Churned
C101504,239,1,98.27,2,2,2,6,Lost / Churned
C101505,134,1,55.84,2,2,1,5,Lost / Churned
C101508,11,1,41.99,4,2,1,7,Potential Loyalist
C101510,64,3,133.048,3,4,2,9,Loyal Customers
C101511,494,2,364.323,1,3,3,7,At Risk
C101514,209,2,474.1,2,3,4,9,Loyal Customers
C101515,15,1,18.77,4,2,1,7,Potential Loyalist
C101518,14,2,217.28,4,3,3,10,Champions
C101519,21,1,314.36,4,2,3,9,Loyal Customers
C101520,53,1,10.008000000000001,4,2,1,7,Potential Loyalist
C101521,24,2,215.13,4,3,3,10,Champions
C101522,270,1,489.65099999999995,1,2,4,7,Lost / Churned
C101523,170,3,1276.23,2,4,4,10,Champions
C101524,244,1,42.79,2,2,1,5,Lost / Churned
C101525,234,3,143.904,2,4,2,8,Loyal Customers
C101527,527,2,98.53999999999999,1,3,2,6,At Risk
C101528,628,1,264.49,1,2,3,6,Lost / Churned
C101531,718,2,209.58,1,3,3,7,At Risk
C101533,233,1,353.49,2,2,3,7,Lost / Churned
C101534,148,1,97.0,2,2,2,6,Lost / Churned
C101535,580,1,256.12,1,2,3,6,Lost / Churned
C101536,418,1,20.169,1,2,1,4,Lost / Churned
C101537,324,1,42.24,1,2,1,4,Lost / Churned
C101538,82,2,178.45,3,3,2,8,Loyal Customers
C101540,22,3,239.31799999999998,4,4,3,11,Champions
C101541,79,1,12.52,3,2,1,6,Potential Loyalist
C101542,184,3,469.4,2,4,4,10,Champions
C101544,466,2,180.26999999999998,1,3,3,7,At Risk
C101545,252,1,409.08,2,2,3,7,Lost / Churned
C101546,146,1,200.26,2,2,3,7,Lost / Churned
C101547,55,3,120.75,4,4,2,10,Champions
C101549,624,2,135.84,1,3,2,6,At Risk
C101550,147,1,88.272,2,2,2,6,Lost / Churned
C101551,120,1,63.92,3,2,1,6,Potential Loyalist
C101552,112,2,839.1099999999999,3,3,4,10,Champions
C101554,380,1,277.16,1,2,3,6,Lost / Churned
C101555,190,1,39.644,2,2,1,5,Lost / Churned
C101557,70,1,86.7,3,2,2,7,Potential Loyalist
C101558,8,4,482.3,4,4,4,12,Champions
C101559,1,1,39.19,4,2,1,7,Potential Loyalist
C101561,192,2,206.16,2,3,3,8,Loyal Customers
C101562,228,3,309.8105,2,4,3,9,Loyal Customers
C101563,13,2,332.52,4,3,3,10,Champions
C101565,202,1,41.75,2,2,1,5,Lost / Churned
C101567,216,1,252.64800000000002,2,2,3,7,Lost / Churned
C101568,27,1,833.4,4,2,4,10,Champions
C101569,4,1,54.97,4,2,1,7,Potential Loyalist
C101570,242,1,68.54,2,2,1,5,Lost / Churned
C101571,462,1,654.49,1,2,4,7,Lost / Churned
C101572,56,1,137.22,4,2,2,8,Loyal Customers
C101573,113,2,275.01,3,3,3,9,Loyal Customers
C101574,255,3,728.148,2,4,4,10,Champions
C101575,378,1,41.76,1,2,1,4,Lost / Churned
C101576,326,1,386.87,1,2,3,6,Lost / Churned
C101577,65,1,148.75,3,2,2,7,Potential Loyalist
C101578,256,1,84.96,2,2,2,6,Lost / Churned
C101579,99,1,65.3,3,2,1,6,Potential Loyalist
C101580,134,3,158.35,2,4,2,8,Loyal Customers
C101581,341,1,28.904000000000003,1,2,1,4,Lost / Churned
C101582,172,1,237.62,2,2,3,7,Lost / Churned
C101583,44,2,224.764,4,3,3,10,Champions
C101584,145,1,87.152,2,2,2,6,Lost / Churned
C101585,309,1,105.26,1,2,2,5,Lost / Churned
C101588,47,1,42.61,4,2,1,7,Potential Loyalist
C101589,10,1,25.77,4,2,1,7,Potential Loyalist
C101592,186,4,543.31,2,4,4,10,Champions
C101593,640,2,682.928,1,3,4,8,Loyal Customers
C101594,175,1,259.84,2,2,3,7,Lost / Churned
C101595,370,4,606.73,1,4,4,9,Loyal Customers
C101596,200,2,154.946,2,3,2,7,At Risk
C101597,87,1,35.4195,3,2,1,6,Potential Loyalist
C101599,189,1,88.68,2,2,2,6,Lost / Churned
C101600,502,1,109.36,1,2,2,5,Lost / Churned
C101601,46,1,27.34,4,2,1,7,Potential Loyalist
C101602,32,2,154.37,4,3,2,9,Loyal Customers
C101603,322,2,608.23,1,3,4,8,Loyal Customers
C101604,58,3,112.05000000000001,4,4,2,10,Champions
C101607,251,3,159.8,2,4,2,8,Loyal Customers
C101608,156,2,141.98000000000002,2,3,2,7,At Risk
C101609,629,1,109.53,1,2,2,5,Lost / Churned
C101610,170,1,138.23,2,2,2,6,Lost / Churned
C101612,167,1,8.83,2,2,1,5,Lost / Churned
C101613,174,1,492.92,2,2,4,8,Loyal Customers
C101615,101,2,297.35,3,3,3,9,Loyal Customers
C101617,102,1,146.322,3,2,2,7,Potential Loyalist
C101618,146,5,277.295,2,4,3,9,Loyal Customers
C101621,530,3,106.28999999999999,1,4,2,7,At Risk
C101624,87,4,863.503,3,4,4,11,Champions
C101625,17,1,29.88,4,2,1,7,Potential Loyalist
C101626,40,3,96.941,4,4,2,10,Champions
C101627,198,1,95.31,2,2,2,6,Lost / Churned
C101629,120,2,556.078,3,3,4,10,Champions
C101631,8,1,197.12,4,2,3,9,Loyal Customers
C101632,235,2,208.82000000000002,2,3,3,8,Loyal Customers
C101633,75,2,283.67,3,3,3,9,Loyal Customers
C101634,349,1,40.75,1,2,1,4,Lost / Churned
C101635,115,1,61.84,3,2,1,6,Potential Loyalist
C101638,354,1,217.79100000000003,1,2,3,6,Lost / Churned
C101639,440,2,385.84,1,3,3,7,At Risk
C101640,75,4,2427.307,3,4,4,11,Champions
C101641,520,1,84.97,1,2,2,5,Lost / Churned
C101642,342,1,762.291,1,2,4,7,Lost / Churned
C101643,227,1,8.001000000000001,2,2,1,5,Lost / Churned
C101645,74,4,1082.97,3,4,4,11,Champions
C101646,109,2,200.99,3,3,3,9,Loyal Customers
C101649,100,1,473.78,3,2,4,9,Loyal Customers
C101650,120,2,41.0,3,3,1,7,Potential Loyalist
C101652,87,7,671.37,3,4,4,11,Champions
C101653,242,1,93.72800000000001,2,2,2,6,Lost / Churned
C101655,41,1,31.97,4,2,1,7,Potential Loyalist
C101656,32,6,2187.24,4,4,4,12,Champions
C101659,445,1,75.0,1,2,1,4,Lost / Churned
C101660,115,1,404.34,3,2,3,8,Loyal Customers
C101661,296,1,34.97,1,2,1,4,Lost / Churned
C101662,560,1,253.13,1,2,3,6,Lost / Churned
C101664,323,2,177.91,1,3,2,6,At Risk
C101665,336,2,77.95,1,3,2,6,At Risk
C101666,97,5,663.063,3,4,4,11,Champions
C101667,244,1,48.14,2,2,1,5,Lost / Churned
C101668,276,1,1678.78,1,2,4,7,Lost / Churned
C101669,186,1,54.73,2,2,1,5,Lost / Churned
C101670,25,5,443.76800000000003,4,4,4,12,Champions
C101671,212,2,220.54000000000002,2,3,3,8,Loyal Customers
C101672,98,1,331.11,3,2,3,8,Loyal Customers
C101676,347,2,159.56,1,3,2,6,At Risk
C101677,152,3,257.77,2,4,3,9,Loyal Customers
C101679,216,1,130.98,2,2,2,6,Lost / Churned
C101680,17,1,91.919,4,2,2,8,Loyal Customers
C101681,164,3,303.992,2,4,3,9,Loyal Customers
C101682,353,1,110.59,1,2,2,5,Lost / Churned
C101683,68,2,121.41,3,3,2,8,Loyal Customers
C101684,298,1,13.61,1,2,1,4,Lost / Churned
C101685,31,5,2722.228,4,4,4,12,Champions
C101686,341,2,86.67,1,3,2,6,At Risk
C101688,31,1,202.7,4,2,3,9,Loyal Customers
C101689,546,3,540.974,1,4,4,9,Loyal Customers
C101690,16,4,1093.391,4,4,4,12,Champions
C101691,24,8,737.936,4,4,4,12,Champions
C101692,221,1,2174.4990000000003,2,2,4,8,Loyal Customers
C101695,90,2,290.97,3,3,3,9,Loyal Customers
C101697,94,1,140.4,3,2,2,7,Potential Loyalist
C101698,138,2,236.26,2,3,3,8,Loyal Customers
C101700,73,3,280.29999999999995,3,4,3,10,Champions
C101702,39,3,241.94,4,4,3,11,Champions
C101703,569,1,38.85,1,2,1,4,Lost / Churned
C101704,71,1,60.47,3,2,1,6,Potential Loyalist
C101706,23,1,29.83,4,2,1,7,Potential Loyalist
C101707,69,1,146.502,3,2,2,7,Potential Loyalist
C101708,173,2,204.42499999999998,2,3,3,8,Loyal Customers
C101710,462,1,13.58,1,2,1,4,Lost / Churned
C101712,13,1,150.288,4,2,2,8,Loyal Customers
C101713,159,2,233.84,2,3,3,8,Loyal Customers
C101714,253,2,342.57,2,3,3,8,Loyal Customers
C101715,97,2,720.5500000000001,3,3,4,10,Champions
C101716,68,3,416.55649999999997,3,4,4,11,Champions
C101719,48,3,1043.7640000000001,4,4,4,12,Champions
C101720,184,5,312.09000000000003,2,4,3,9,Loyal Customers
C101721,69,3,833.2289999999999,3,4,4,11,Champions
C101722,94,3,826.7745,3,4,4,11,Champions
C101724,194,1,172.44,2,2,2,6,Lost / Churned
C101725,148,3,501.688,2,4,4,10,Champions
C101726,28,2,362.90000000000003,4,3,3,10,Champions
C101727,95,2,166.87,3,3,2,8,Loyal Customers
C101728,163,5,597.23,2,4,4,10,Champions
C101729,354,1,32.63,1,2,1,4,Lost / Churned
C101730,62,2,323.19500000000005,3,3,3,9,Loyal Customers
C101731,18,3,279.56,4,4,3,11,Champions
C101733,72,2,719.7239999999999,3,3,4,10,Champions
C101734,97,1,168.776,3,2,2,7,Potential Loyalist
C101735,118,2,144.69,3,3,2,8,Loyal Customers
C101736,304,1,97.08,1,2,2,5,Lost / Churned
C101737,254,2,905.22,2,3,4,9,Loyal Customers
C101738,126,1,55.23,3,2,1,6,Potential Loyalist
C101739,37,7,1866.298,4,4,4,12,Champions
C101741,79,4,469.35,3,4,4,11,Champions
C101742,315,2,213.22,1,3,3,7,At Risk
C101743,688,1,34.16,1,2,1,4,Lost / Churned
C101745,5,2,573.8599999999999,4,3,4,11,Champions
C101746,13,1,56.87,4,2,1,7,Potential Loyalist
C101747,182,1,254.352,2,2,3,7,Lost / Churned
C101749,84,1,835.94,3,2,4,9,Loyal Customers
C101752,266,1,79.33,1,2,2,5,Lost / Churned
C101754,207,2,113.81,2,3,2,7,At Risk
C101755,113,9,1792.7305,3,4,4,11,Champions
C101756,33,1,200.54,4,2,3,9,Loyal Customers
C101757,188,2,117.67000000000002,2,3,2,7,At Risk
C101758,68,3,307.446,3,4,3,10,Champions
C101759,125,2,126.28999999999999,3,3,2,8,Loyal Customers
C101760,222,4,397.914,2,4,3,9,Loyal Customers
C101763,69,3,515.84,3,4,4,11,Champions
C101765,57,2,294.53999999999996,4,3,3,10,Champions
C101766,290,2,390.72,1,3,3,7,At Risk
C101767,200,3,232.18,2,4,3,9,Loyal Customers
C101769,100,4,671.389,3,4,4,11,Champions
C101770,393,1,19.61,1,2,1,4,Lost / Churned
C101771,290,2,127.32000000000001,1,3,2,6,At Risk
C101772,207,2,214.66,2,3,3,8,Loyal Customers
C101773,452,1,157.85,1,2,2,5,Lost / Churned
C101774,75,2,48.900000000000006,3,3,1,7,Potential Loyalist
C101775,113,1,156.34,3,2,2,7,Potential Loyalist
C101777,80,4,596.31,3,4,4,11,Champions
C101778,127,2,605.84,3,3,4,10,Champions
C101779,211,1,137.76,2,2,2,6,Lost / Churned
C101780,304,2,49.143,1,3,1,5,At Risk
C101781,177,2,121.08,2,3,2,7,At Risk
C101782,228,5,1293.747,2,4,4,10,Champions
C101784,35,4,97.414,4,4,2,10,Champions
C101785,418,1,26.74,1,2,1,4,Lost / Churned
C101786,152,1,242.66,2,2,3,7,Lost / Churned
C101787,592,1,46.65,1,2,1,4,Lost / Churned
C101789,96,2,226.87,3,3,3,9,Loyal Customers
C101790,187,2,192.69400000000002,2,3,3,8,Loyal Customers
C101791,29,2,111.57400000000001,4,3,2,9,Loyal Customers
C101792,193,1,70.74,2,2,1,5,Lost / Churned
C101794,47,2,270.69,4,3,3,10,Champions
C101796,10,5,2709.2475,4,4,4,12,Champions
C101797,246,2,89.13999999999999,2,3,2,7,At Risk
C101798,158,1,121.85,2,2,2,6,Lost / Churned
C101800,632,1,48.1,1,2,1,4,Lost / Churned
C101801,196,1,6.64,2,2,1,5,Lost / Churned
C101802,137,2,904.8299999999999,2,3,4,9,Loyal Customers
C101803,380,2,157.70999999999998,1,3,2,6,At Risk
C101804,135,4,241.55899999999997,2,4,3,9,Loyal Customers
C101805,471,1,73.2,1,2,1,4,Lost / Churned
C101806,133,1,402.41999999999996,2,2,3,7,Lost / Churned
C101807,300,1,11.34,1,2,1,4,Lost / Churned
C101809,55,1,92.71,4,2,2,8,Loyal Customers
C101812,128,2,213.26,3,3,3,9,Loyal Customers
C101813,38,4,237.51,4,4,3,11,Champions
C101814,2,1,168.42,4,2,2,8,Loyal Customers
C101815,2,2,272.116,4,3,3,10,Champions
C101816,341,1,114.45,1,2,2,5,Lost / Churned
C101817,165,4,877.76,2,4,4,10,Champions
C101818,67,1,624.13,3,2,4,9,Loyal Customers
C101819,154,1,67.5,2,2,1,5,Lost / Churned
C101821,48,6,1120.3314999999998,4,4,4,12,Champions
C101824,95,1,279.87,3,2,3,8,Loyal Customers
C101828,33,2,157.95,4,3,2,9,Loyal Customers
C101829,12,1,36.072,4,2,1,7,Potential Loyalist
C101830,20,4,1855.942,4,4,4,12,Champions
C101831,13,3,369.03,4,4,3,11,Champions
C101832,189,1,49.69,2,2,1,5,Lost / Churned
C101833,264,1,50.800000000000004,1,2,1,4,Lost / Churned
C101834,157,2,607.48,2,3,4,9,Loyal Customers
C101835,361,1,273.91,1,2,3,6,Lost / Churned
C101836,68,1,427.24,3,2,4,9,Loyal Customers
C101837,154,1,112.66,2,2,2,6,Lost / Churned
C101839,118,4,885.8820000000001,3,4,4,11,Champions
C101840,284,1,81.74400000000001,1,2,2,5,Lost / Churned
C101843,87,1,61.590999999999994,3,2,1,6,Potential Loyalist
C101844,75,3,301.862,3,4,3,10,Champions
C101847,256,3,148.32,2,4,2,8,Loyal Customers
C101848,175,6,631.3,2,4,4,10,Champions
C101850,25,3,171.154,4,4,2,10,Champions
C101851,533,1,50.36,1,2,1,4,Lost / Churned
C101852,154,1,522.93,2,2,4,8,Loyal Customers
C101853,166,1,137.14,2,2,2,6,Lost / Churned
C101854,68,8,1577.338,3,4,4,11,Champions
C101855,95,1,41.66,3,2,1,6,Potential Loyalist
C101857,71,1,120.02,3,2,2,7,Potential Loyalist
C101859,5,1,324.64,4,2,3,9,Loyal Customers
C101860,171,2,80.93100000000001,2,3,2,7,At Risk
C101861,118,3,413.08,3,4,3,10,Champions
C101862,67,1,66.52,3,2,1,6,Potential Loyalist
C101863,66,3,383.604,3,4,3,10,Champions
C101864,20,1,205.97,4,2,3,9,Loyal Customers
C101865,205,1,118.33,2,2,2,6,Lost / Churned
C101867,168,2,36.08,2,3,1,6,At Risk
C101868,593,3,377.246,1,4,3,8,Loyal Customers
C101869,106,1,238.86,3,2,3,8,Loyal Customers
C101870,304,2,170.43,1,3,2,6,At Risk
C101871,70,4,430.49699999999996,3,4,4,11,Champions
C101872,69,3,426.2,3,4,4,11,Champions
C101873,41,1,202.82,4,2,3,9,Loyal Customers
C101874,137,4,291.97,2,4,3,9,Loyal Customers
C101876,295,1,830.04,1,2,4,7,Lost / Churned
C101878,47,3,168.00849999999997,4,4,2,10,Champions
C101881,512,2,183.385,1,3,3,7,At Risk
C101882,111,4,489.26800000000003,3,4,4,11,Champions
C101886,33,2,322.8,4,3,3,10,Champions
C101887,133,1,51.06,2,2,1,5,Lost / Churned
C101888,112,1,8.4,3,2,1,6,Potential Loyalist
C101889,350,1,35.38,1,2,1,4,Lost / Churned
C101890,522,1,68.38,1,2,1,4,Lost / Churned
C101891,486,1,108.55,1,2,2,5,Lost / Churned
C101892,53,1,11.3,4,2,1,7,Potential Loyalist
C101893,178,1,55.65,2,2,1,5,Lost / Churned
C101894,153,2,203.20100000000002,2,3,3,8,Loyal Customers
C101895,118,1,110.7,3,2,2,7,Potential Loyalist
C101896,276,3,184.10399999999998,1,4,3,8,Loyal Customers
C101897,83,1,243.97,3,2,3,8,Loyal Customers
C101898,96,3,78.82,3,4,2,9,Loyal Customers
C101899,245,1,87.09,2,2,2,6,Lost / Churned
C101900,306,1,18.846,1,2,1,4,Lost / Churned
C101901,60,5,558.875,4,4,4,12,Champions
C101903,512,1,106.49,1,2,2,5,Lost / Churned
C101904,316,1,126.89999999999999,1,2,2,5,Lost / Churned
C101906,443,1,17.388,1,2,1,4,Lost / Churned
C101908,610,1,211.29,1,2,3,6,Lost / Churned
C101909,40,1,39.66,4,2,1,7,Potential Loyalist
C101910,175,3,619.71,2,4,4,10,Champions
C101911,91,1,85.509,3,2,2,7,Potential Loyalist
C101912,115,4,1538.7100000000003,3,4,4,11,Champions
C101913,13,1,69.63300000000001,4,2,1,7,Potential Loyalist
C101914,418,2,146.88,1,3,2,6,At Risk
C101915,232,1,44.11,2,2,1,5,Lost / Churned
C101916,456,1,20.05,1,2,1,4,Lost / Churned
C101917,345,1,189.51,1,2,3,6,Lost / Churned
C101918,65,5,176.945,3,4,2,9,Loyal Customers
C101919,105,1,273.02,3,2,3,8,Loyal Customers
C101920,277,1,64.69,1,2,1,4,Lost / Churned
C101922,80,1,41.182500000000005,3,2,1,6,Potential Loyalist
C101923,88,2,921.14,3,3,4,10,Champions
C101925,90,5,482.669,3,4,4,11,Champions
C101926,342,1,61.65,1,2,1,4,Lost / Churned
C101928,102,1,98.09,3,2,2,7,Potential Loyalist
C101930,384,1,60.56,1,2,1,4,Lost / Churned
C101931,10,2,301.31,4,3,3,10,Champions
C101932,112,1,61.47,3,2,1,6,Potential Loyalist
C101933,46,2,75.464,4,3,1,8,Loyal Customers
C101935,459,2,633.85,1,3,4,8,Loyal Customers
C101936,191,1,111.1,2,2,2,6,Lost / Churned
C101937,226,1,54.25,2,2,1,5,Lost / Churned
C101939,487,3,868.12,1,4,4,9,Loyal Customers
C101940,7,2,130.46,4,3,2,9,Loyal Customers
C101943,546,1,90.616,1,2,2,5,Lost / Churned
C101944,208,2,159.43800000000002,2,3,2,7,At Risk
C101945,109,1,396.04,3,2,3,8,Loyal Customers
C101946,167,1,196.69,2,2,3,7,Lost / Churned
C101948,546,1,14.32,1,2,1,4,Lost / Churned
C101951,283,1,93.32,1,2,2,5,Lost / Churned
C101952,102,2,506.85,3,3,4,10,Champions
C101954,28,1,215.2,4,2,3,9,Loyal Customers
C101957,304,1,274.12,1,2,3,6,Lost / Churned
C101958,179,1,6.9,2,2,1,5,Lost / Churned
C101959,69,1,55.26,3,2,1,6,Potential Loyalist
C101960,11,2,100.31,4,3,2,9,Loyal Customers
C101961,11,2,145.29000000000002,4,3,2,9,Loyal Customers
C101962,17,4,196.558,4,4,3,11,Champions
C101965,155,2,414.44,2,3,3,8,Loyal Customers
C101966,351,1,218.4,1,2,3,6,Lost / Churned
C101967,180,2,383.17,2,3,3,8,Loyal Customers
C101969,574,3,155.934,1,4,2,7,At Risk
C101971,24,1,113.616,4,2,2,8,Loyal Customers
C101972,213,1,66.996,2,2,1,5,Lost / Churned
C101973,234,2,606.96,2,3,4,9,Loyal Customers
C101975,98,1,58.248,3,2,1,6,Potential Loyalist
C101976,54,1,39.65,4,2,1,7,Potential Loyalist
C101980,78,1,892.59,3,2,4,9,Loyal Customers
C101981,15,1,716.6,4,2,4,10,Champions
C101982,107,3,180.7,3,4,3,10,Champions
C101983,107,1,201.73,3,2,3,8,Loyal Customers
C101984,145,1,23.27,2,2,1,5,Lost / Churned
C101985,58,3,112.49000000000001,4,4,2,10,Champions
C101987,224,3,127.58699999999999,2,4,2,8,Loyal Customers
C101988,582,1,66.13,1,2,1,4,Lost / Churned
C101989,78,2,1337.28,3,3,4,10,Champions
C101990,164,1,45.177499999999995,2,2,1,5,Lost / Churned
C101992,484,1,58.28,1,2,1,4,Lost / Churned
C101993,41,2,152.34,4,3,2,9,Loyal Customers
C101994,9,1,246.3,4,2,3,9,Loyal Customers
C101995,21,1,41.78,4,2,1,7,Potential Loyalist
C101996,28,5,943.2470000000001,4,4,4,12,Champions
C101998,100,2,261.28999999999996,3,3,3,9,Loyal Customers
C101999,187,1,557.478,2,2,4,8,Loyal Customers
C102000,6,1,134.23,4,2,2,8,Loyal Customers
C102001,517,2,225.84699999999998,1,3,3,7,At Risk
C102002,90,2,441.716,3,3,4,10,Champions
C102003,158,1,111.72,2,2,2,6,Lost / Churned
C102004,147,2,584.04,2,3,4,9,Loyal Customers
C102005,51,4,509.28200000000004,4,4,4,12,Champions
C102006,186,3,135.046,2,4,2,8,Loyal Customers
C102008,29,2,122.797,4,3,2,9,Loyal Customers
C102009,161,1,62.28,2,2,1,5,Lost / Churned
C102010,158,1,437.82,2,2,4,8,Loyal Customers
C102012,525,1,232.16,1,2,3,6,Lost / Churned
C102013,52,2,259.06,4,3,3,10,Champions
C102014,74,7,1484.98,3,4,4,11,Champions
C102015,23,2,78.08,4,3,2,9,Loyal Customers
C102016,78,2,92.05,3,3,2,8,Loyal Customers
C102018,15,3,313.146,4,4,3,11,Champions
C102020,162,1,233.76,2,2,3,7,Lost / Churned
C102021,103,2,351.38,3,3,3,9,Loyal Customers
C102022,213,1,81.41,2,2,2,6,Lost / Churned
C102023,174,2,277.596,2,3,3,8,Loyal Customers
C102024,516,1,24.33,1,2,1,4,Lost / Churned
C102025,133,1,11.520000000000001,2,2,1,5,Lost / Churned
C102026,141,1,189.86,2,2,3,7,Lost / Churned
C102027,63,1,19.89,3,2,1,6,Potential Loyalist
C102028,32,3,418.62,4,4,4,12,Champions
C102029,130,1,53.14,2,2,1,5,Lost / Churned
C102030,245,2,214.74,2,3,3,8,Loyal Customers
C102032,269,1,68.28,1,2,1,4,Lost / Churned
C102033,68,1,103.42,3,2,2,7,Potential Loyalist
C102035,101,1,22.34,3,2,1,6,Potential Loyalist
C102036,298,2,127.994,1,3,2,6,At Risk
C102038,19,4,1967.318,4,4,4,12,Champions
C102039,225,1,33.86,2,2,1,5,Lost / Churned
C102041,106,1,58.48,3,2,1,6,Potential Loyalist
C102043,113,2,167.28,3,3,2,8,Loyal Customers
C102044,146,3,248.39000000000001,2,4,3,9,Loyal Customers
C102045,36,1,231.78,4,2,3,9,Loyal Customers
C102046,355,1,13.491,1,2,1,4,Lost / Churned
C102047,267,2,142.9205,1,3,2,6,At Risk
C102048,183,1,28.82,2,2,1,5,Lost / Churned
C102049,63,2,60.733999999999995,3,3,1,7,Potential Loyalist
C102050,237,2,2415.17,2,3,4,9,Loyal Customers
C102052,2,1,115.83,4,2,2,8,Loyal Customers
C102053,67,1,231.94,3,2,3,8,Loyal Customers
C102054,114,2,289.03999999999996,3,3,3,9,Loyal Customers
C102055,18,3,157.043,4,4,2,10,Champions
C102056,58,1,119.41,4,2,2,8,Loyal Customers
C102058,405,1,56.43,1,2,1,4,Lost / Churned
C102060,66,2,182.78,3,3,3,9,Loyal Customers
C102061,6,3,550.7900000000001,4,4,4,12,Champions
C102063,47,2,66.78999999999999,4,3,1,8,Loyal Customers
C102064,211,2,189.38,2,3,3,8,Loyal Customers
C102065,69,3,405.82500000000005,3,4,3,10,Champions
C102067,92,1,71.64,3,2,1,6,Potential Loyalist
C102068,485,2,228.058,1,3,3,7,At Risk
C102070,522,2,118.84,1,3,2,6,At Risk
C102071,145,1,732.17,2,2,4,8,Loyal Customers
C102072,196,1,148.58,2,2,2,6,Lost / Churned
C102073,293,1,872.19,1,2,4,7,Lost / Churned
C102075,108,3,442.197,3,4,4,11,Champions
C102077,422,1,478.55,1,2,4,7,Lost / Churned
C102079,633,2,300.62,1,3,3,7,At Risk
C102080,88,1,72.74,3,2,1,6,Potential Loyalist
C102081,314,1,17.48,1,2,1,4,Lost / Churned
C102082,247,2,36.63,2,3,1,6,At Risk
C102083,149,2,143.21,2,3,2,7,At Risk
C102084,82,2,700.36,3,3,4,10,Champions
C102085,261,1,1219.8239999999998,1,2,4,7,Lost / Churned
C102088,327,3,203.869,1,4,3,8,Loyal Customers
C102089,650,1,46.568000000000005,1,2,1,4,Lost / Churned
C102094,80,4,1117.2910000000002,3,4,4,11,Champions
C102095,137,1,7.736000000000001,2,2,1,5,Lost / Churned
C102097,114,1,109.098,3,2,2,7,Potential Loyalist
C102101,249,1,17.8,2,2,1,5,Lost / Churned
C102102,535,2,542.178,1,3,4,8,Loyal Customers
C102103,562,1,111.97,1,2,2,5,Lost / Churned
C102104,111,1,853.67,3,2,4,9,Loyal Customers
C102105,475,1,541.94,1,2,4,7,Lost / Churned
C102107,175,5,1425.58,2,4,4,10,Champions
C102108,94,1,226.20000000000002,3,2,3,8,Loyal Customers
C102109,64,3,499.85200000000003,3,4,4,11,Champions
C102110,43,5,1192.5005,4,4,4,12,Champions
C102111,209,2,67.708,2,3,1,6,At Risk
C102112,42,3,261.43999999999994,4,4,3,11,Champions
C102113,43,1,23.99,4,2,1,7,Potential Loyalist
C102114,64,3,287.99,3,4,3,10,Champions
C102115,164,1,114.75,2,2,2,6,Lost / Churned
C102117,79,3,103.88499999999999,3,4,2,9,Loyal Customers
C102120,132,1,752.48,2,2,4,8,Loyal Customers
C102121,16,3,300.14,4,4,3,11,Champions
C102123,275,2,268.95,1,3,3,7,At Risk
C102124,178,1,189.32000000000002,2,2,3,7,Lost / Churned
C102125,46,4,1280.52,4,4,4,12,Champions
C102127,89,2,135.63,3,3,2,8,Loyal Customers
C102128,570,1,23.148,1,2,1,4,Lost / Churned
C102130,147,2,481.59,2,3,4,9,Loyal Customers
C102131,13,3,135.828,4,4,2,10,Champions
C102132,229,1,194.11,2,2,3,7,Lost / Churned
C102135,65,5,252.5765,3,4,3,10,Champions
C102137,182,1,36.67,2,2,1,5,Lost / Churned
C102138,269,1,110.58300000000001,1,2,2,5,Lost / Churned
C102139,72,3,260.96000000000004,3,4,3,10,Champions
C102140,240,1,19.61,2,2,1,5,Lost / Churned
C102141,18,2,467.924,4,3,4,11,Champions
C102142,57,1,65.92,4,2,1,7,Potential Loyalist
C102143,114,2,160.198,3,3,2,8,Loyal Customers
C102144,72,2,78.78999999999999,3,3,2,8,Loyal Customers
C102148,40,2,137.115,4,3,2,9,Loyal Customers
C102149,60,2,165.03,4,3,2,9,Loyal Customers
C102150,92,5,216.72,3,4,3,10,Champions
C102151,326,3,826.432,1,4,4,9,Loyal Customers
C102153,5,3,128.864,4,4,2,10,Champions
C102156,55,4,329.14,4,4,3,11,Champions
C102158,113,2,875.84,3,3,4,10,Champions
C102159,254,1,16.27,2,2,1,5,Lost / Churned
C102160,99,1,190.86,3,2,3,8,Loyal Customers
C102161,62,1,129.63,3,2,2,7,Potential Loyalist
C102162,4,4,797.167,4,4,4,12,Champions
C102163,92,1,213.93,3,2,3,8,Loyal Customers
C102165,40,1,49.46,4,2,1,7,Potential Loyalist
C102166,47,1,546.4,4,2,4,10,Champions
C102169,33,1,217.02,4,2,3,9,Loyal Customers
C102170,98,2,929.474,3,3,4,10,Champions
C102171,178,1,89.33,2,2,2,6,Lost / Churned
C102173,191,1,15.9,2,2,1,5,Lost / Churned
C102174,295,2,182.58999999999997,1,3,3,7,At Risk
C102175,16,1,221.42399999999998,4,2,3,9,Loyal Customers
C102177,194,3,496.27,2,4,4,10,Champions
C102178,138,5,969.508,2,4,4,10,Champions
C102179,350,1,10.88,1,2,1,4,Lost / Churned
C102180,9,3,178.731,4,4,3,11,Champions
C102182,231,2,319.53,2,3,3,8,Loyal Customers
C102183,239,1,102.01,2,2,2,6,Lost / Churned
C102184,85,1,123.03,3,2,2,7,Potential Loyalist
C102186,178,1,18.88,2,2,1,5,Lost / Churned
C102187,403,1,28.62,1,2,1,4,Lost / Churned
C102189,221,2,183.78,2,3,3,8,Loyal Customers
C102190,85,1,100.36,3,2,2,7,Potential Loyalist
C102191,6,11,1937.3485,4,4,4,12,Champions
C102192,266,2,124.136,1,3,2,6,At Risk
C102194,50,1,719.2955,4,2,4,10,Champions
C102195,108,1,508.24,3,2,4,9,Loyal Customers
C102196,490,1,75.09,1,2,1,4,Lost / Churned
C102197,43,2,75.39,4,3,1,8,Loyal Customers
C102198,323,1,26.2,1,2,1,4,Lost / Churned
C102201,216,2,400.88349999999997,2,3,3,8,Loyal Customers
C102202,69,2,206.15,3,3,3,9,Loyal Customers
C102203,143,1,19.98,2,2,1,5,Lost / Churned
C102204,13,1,695.76,4,2,4,10,Champions
C102205,50,2,255.7,4,3,3,10,Champions
C102208,71,2,238.64999999999998,3,3,3,9,Loyal Customers
C102209,362,1,132.17,1,2,2,5,Lost / Churned
C102210,51,2,103.27,4,3,2,9,Loyal Customers
C102211,102,2,358.128,3,3,3,9,Loyal Customers
C102212,201,2,316.34400000000005,2,3,3,8,Loyal Customers
C102213,243,3,856.4100000000001,2,4,4,10,Champions
C102214,564,1,199.22,1,2,3,6,Lost / Churned
C102215,91,1,108.36,3,2,2,7,Potential Loyalist
C102216,360,1,196.35000000000002,1,2,3,6,Lost / Churned
C102219,54,6,2371.52,4,4,4,12,Champions
C102221,275,4,306.481,1,4,3,8,Loyal Customers
C102222,182,1,90.86,2,2,2,6,Lost / Churned
C102223,3,5,1398.209,4,4,4,12,Champions
C102225,172,3,528.23,2,4,4,10,Champions
C102226,67,1,58.96,3,2,1,6,Potential Loyalist
C102227,7,3,355.12,4,4,3,11,Champions
C102228,121,1,99.25,3,2,2,7,Potential Loyalist
C102229,6,1,47.344,4,2,1,7,Potential Loyalist
C102230,133,1,28.14,2,2,1,5,Lost / Churned
C102231,350,1,130.76,1,2,2,5,Lost / Churned
C102233,218,2,691.85,2,3,4,9,Loyal Customers
C102234,188,1,25.55,2,2,1,5,Lost / Churned
C102235,59,1,21.624,4,2,1,7,Potential Loyalist
C102236,275,3,397.57,1,4,3,8,Loyal Customers
C102238,133,3,285.93600000000004,2,4,3,9,Loyal Customers
C102239,16,2,245.53900000000002,4,3,3,10,Champions
C102240,157,1,15.82,2,2,1,5,Lost / Churned
C102241,168,1,42.78,2,2,1,5,Lost / Churned
C102243,480,1,180.83,1,2,3,6,Lost / Churned
C102245,82,1,72.4,3,2,1,6,Potential Loyalist
C102247,506,2,167.29000000000002,1,3,2,6,At Risk
C102248,324,1,20.24,1,2,1,4,Lost / Churned
C102249,35,1,22.97,4,2,1,7,Potential Loyalist
C102250,347,1,39.82,1,2,1,4,Lost / Churned
C102251,49,4,578.588,4,4,4,12,Champions
C102252,187,2,239.20999999999998,2,3,3,8,Loyal Customers
C102253,18,11,858.905,4,4,4,12,Champions
C102254,423,1,86.96,1,2,2,5,Lost / Churned
C102256,129,3,755.74,2,4,4,10,Champions
C102257,150,4,388.20500000000004,2,4,3,9,Loyal Customers
C102258,31,3,52.17,4,4,1,9,Loyal Customers
C102259,4,3,624.4799999999999,4,4,4,12,Champions
C102260,628,2,165.75,1,3,2,6,At Risk
C102263,311,3,551.55,1,4,4,9,Loyal Customers
C102264,96,1,91.38,3,2,2,7,Potential Loyalist
C102266,101,3,167.85,3,4,2,9,Loyal Customers
C102267,125,2,211.3,3,3,3,9,Loyal Customers
C102268,454,1,115.38,1,2,2,5,Lost / Churned
C102269,26,1,181.9,4,2,3,9,Loyal Customers
C102270,430,1,1560.76,1,2,4,7,Lost / Churned
C102273,147,5,1017.3100000000001,2,4,4,10,Champions
C102274,382,1,28.352,1,2,1,4,Lost / Churned
C102275,65,1,406.08,3,2,3,8,Loyal Customers
C102276,216,2,517.094,2,3,4,9,Loyal Customers
C102277,352,2,222.2,1,3,3,7,At Risk
C102278,204,2,349.35,2,3,3,8,Loyal Customers
C102281,219,2,113.53,2,3,2,7,At Risk
C102282,187,1,154.44,2,2,2,6,Lost / Churned
C102283,71,1,49.698,3,2,1,6,Potential Loyalist
C102284,230,1,82.21,2,2,2,6,Lost / Churned
C102286,52,1,153.75,4,2,2,8,Loyal Customers
C102290,51,2,93.17,4,3,2,9,Loyal Customers
C102291,180,6,3235.304,2,4,4,10,Champions
C102293,9,3,312.444,4,4,3,11,Champions
C102295,86,1,97.45,3,2,2,7,Potential Loyalist
C102297,37,1,107.98,4,2,2,8,Loyal Customers
C102298,366,2,79.447,1,3,2,6,At Risk
C102299,62,1,296.47,3,2,3,8,Loyal Customers
C102300,500,1,42.04,1,2,1,4,Lost / Churned
C102301,60,4,302.644,4,4,3,11,Champions
C102302,232,3,112.18,2,4,2,8,Loyal Customers
C102306,39,1,30.5915,4,2,1,7,Potential Loyalist
C102307,97,6,822.062,3,4,4,11,Champions
C102309,31,1,33.67,4,2,1,7,Potential Loyalist
C102310,468,1,65.43,1,2,1,4,Lost / Churned
C102311,58,4,1011.05,4,4,4,12,Champions
C102312,257,1,66.31,1,2,1,4,Lost / Churned
C102313,638,1,94.91,1,2,2,5,Lost / Churned
C102316,264,5,577.84,1,4,4,9,Loyal Customers
C102318,14,2,213.1365,4,3,3,10,Champions
C102320,598,1,85.56,1,2,2,5,Lost / Churned
C102321,130,1,664.42,2,2,4,8,Loyal Customers
C102322,261,1,248.778,1,2,3,6,Lost / Churned
C102324,188,1,43.47,2,2,1,5,Lost / Churned
C102325,147,1,682.41,2,2,4,8,Loyal Customers
C102326,127,3,791.15,3,4,4,11,Champions
C102328,92,3,346.81,3,4,3,10,Champions
C102329,140,1,13.734,2,2,1,5,Lost / Churned
C102330,76,1,38.46,3,2,1,6,Potential Loyalist
C102331,30,4,2134.37,4,4,4,12,Champions
C102332,465,1,5.39,1,2,1,4,Lost / Churned
C102334,59,3,218.90200000000002,4,4,3,11,Champions
C102335,89,1,191.25,3,2,3,8,Loyal Customers
C102336,388,2,148.112,1,3,2,6,At Risk
C102337,134,1,533.3580000000001,2,2,4,8,Loyal Customers
C102339,218,2,484.22799999999995,2,3,4,9,Loyal Customers
C102341,164,3,329.65999999999997,2,4,3,9,Loyal Customers
C102344,312,1,110.07,1,2,2,5,Lost / Churned
C102349,16,3,975.82,4,4,4,12,Champions
C102350,108,2,453.43949999999995,3,3,4,10,Champions
C102352,143,2,1347.4099999999999,2,3,4,9,Loyal Customers
C102354,81,3,298.96999999999997,3,4,3,10,Champions
C102356,234,1,101.59,2,2,2,6,Lost / Churned
C102357,50,5,597.65,4,4,4,12,Champions
C102358,71,3,322.05,3,4,3,10,Champions
C102359,190,3,324.74,2,4,3,9,Loyal Customers
C102361,74,4,548.38,3,4,4,11,Champions
C102363,80,1,125.76,3,2,2,7,Potential Loyalist
C102364,52,1,94.6,4,2,2,8,Loyal Customers
C102365,55,5,458.99600000000004,4,4,4,12,Champions
C102366,113,2,134.10999999999999,3,3,2,8,Loyal Customers
C102367,599,1,34.55,1,2,1,4,Lost / Churned
C102368,104,1,15.45,3,2,1,6,Potential Loyalist
C102370,160,1,61.664,2,2,1,5,Lost / Churned
C102371,82,1,20.48,3,2,1,6,Potential Loyalist
C102374,211,2,358.16999999999996,2,3,3,8,Loyal Customers
C102375,21,1,105.29,4,2,2,8,Loyal Customers
C102378,11,6,1539.57,4,4,4,12,Champions
C102379,55,5,270.89,4,4,3,11,Champions
C102380,2,5,1484.8375,4,4,4,12,Champions
C102381,126,2,705.51,3,3,4,10,Champions
C102383,99,6,667.14,3,4,4,11,Champions
C102385,63,3,606.127,3,4,4,11,Champions
C102387,27,2,238.04,4,3,3,10,Champions
C102388,41,2,764.241,4,3,4,11,Champions
C102389,6,11,2090.504,4,4,4,12,Champions
C102390,37,5,1032.484,4,4,4,12,Champions
C102391,87,3,179.348,3,4,3,10,Champions
C102392,70,1,83.96,3,2,2,7,Potential Loyalist
C102393,485,2,1277.7820000000002,1,3,4,8,Loyal Customers
C102395,128,1,61.00449999999999,3,2,1,6,Potential Loyalist
C102396,34,1,7.15,4,2,1,7,Potential Loyalist
C102397,84,4,1108.08,3,4,4,11,Champions
C102398,31,1,58.44,4,2,1,7,Potential Loyalist
C102399,89,4,946.358,3,4,4,11,Champions
C102401,4,11,1007.508,4,4,4,12,Champions
C102402,169,1,52.18,2,2,1,5,Lost / Churned
C102403,75,2,41.252,3,3,1,7,Potential Loyalist
C102404,390,1,115.32,1,2,2,5,Lost / Churned
C102407,35,4,506.89,4,4,4,12,Champions
C102410,121,3,249.39000000000001,3,4,3,10,Champions
C102411,592,1,148.81,1,2,2,5,Lost / Churned
C102413,264,1,110.336,1,2,2,5,Lost / Churned
C102414,214,2,146.83,2,3,2,7,At Risk
C102415,68,3,582.708,3,4,4,11,Champions
C102416,289,1,232.42,1,2,3,6,Lost / Churned
C102417,360,1,36.006,1,2,1,4,Lost / Churned
C102418,499,1,160.57600000000002,1,2,2,5,Lost / Churned
C102419,113,3,661.14,3,4,4,11,Champions
C102420,528,1,138.08,1,2,2,5,Lost / Churned
C102421,64,1,42.4,3,2,1,6,Potential Loyalist
C102422,73,2,137.79,3,3,2,8,Loyal Customers
C102423,68,1,428.31,3,2,4,9,Loyal Customers
C102425,226,1,59.45,2,2,1,5,Lost / Churned
C102426,233,3,129.656,2,4,2,8,Loyal Customers
C102429,515,1,195.24,1,2,3,6,Lost / Churned
C102430,218,4,1237.474,2,4,4,10,Champions
C102433,508,1,433.341,1,2,4,7,Lost / Churned
C102434,188,1,218.12,2,2,3,7,Lost / Churned
C102435,181,1,231.74,2,2,3,7,Lost / Churned
C102436,75,1,135.33,3,3,2,8,Loyal Customers
C102443,280,1,117.11,1,3,2,6,At Risk
C102444,251,1,51.54,2,3,1,6,At Risk
C102445,10,1,127.04,4,3,2,9,Loyal Customers
C102446,2,3,2048.1279999999997,4,4,4,12,Champions
C102447,275,1,163.935,1,3,2,6,At Risk
C102448,121,1,9.86,3,3,1,7,Potential Loyalist
C102450,27,2,323.2295,4,3,3,10,Champions
C102451,3,1,124.27,4,3,2,9,Loyal Customers
C102453,5,1,65.65,4,3,1,8,Loyal Customers
C102455,24,5,200.72,4,4,3,11,Champions
C102456,30,1,177.1,4,3,2,9,Loyal Customers
C102458,129,3,176.64999999999998,2,4,2,8,Loyal Customers
C102459,165,5,214.916,2,4,3,9,Loyal Customers
C102460,196,4,1836.944,2,4,4,10,Champions
C102462,15,2,346.92,4,3,3,10,Champions
C102463,318,1,119.96,1,3,2,6,At Risk
C102464,8,1,25.67,4,3,1,8,Loyal Customers
C102465,30,6,621.338,4,4,4,12,Champions
C102466,511,1,110.21,1,3,2,6,At Risk
C102468,462,1,237.04,1,3,3,7,At Risk
C102470,18,6,1130.114,4,4,4,12,Champions
C102471,99,1,149.67,3,3,2,8,Loyal Customers
C102473,117,2,123.77199999999999,3,3,2,8,Loyal Customers
C102474,2,3,754.93,4,4,4,12,Champions
C102475,54,4,1015.67,4,4,4,12,Champions
C102476,68,2,244.422,3,3,3,9,Loyal Customers
C102477,109,2,169.69,3,3,2,8,Loyal Customers
C102478,158,2,45.160000000000004,2,3,1,6,At Risk
C102479,81,1,294.14,3,3,3,9,Loyal Customers
C102480,155,1,116.31,2,3,2,7,At Risk
C102481,10,2,345.29600000000005,4,3,3,10,Champions
C102483,153,4,401.37,2,4,3,9,Loyal Customers
C102485,193,2,265.71,2,3,3,8,Loyal Customers
C102486,342,2,220.91000000000003,1,3,3,7,At Risk
C102487,668,1,544.82,1,3,4,8,Loyal Customers
C102488,300,1,145.19,1,3,2,6,At Risk
C102489,381,2,957.9000000000001,1,3,4,8,Loyal Customers
C102490,92,5,608.89,3,4,4,11,Champions
C102491,337,1,58.55,1,3,1,5,At Risk
C102493,222,1,70.48,2,3,1,6,At Risk
C102494,151,3,582.13,2,4,4,10,Champions
C102495,227,1,189.18,2,3,3,8,Loyal Customers
C102496,65,2,722.1999999999999,3,3,4,10,Champions
C102498,345,1,190.04,1,3,3,7,At Risk
C102499,18,1,90.81,4,3,2,9,Loyal Customers
